CASE_ID,ACCIDENT_YEAR,PROC_DATE,JURIS,COLLISION_DATE,COLLISION_TIME,OFFICER_ID,REPORTING_DISTRICT,DAY_OF_WEEK,CHP_SHIFT,POPULATION,CNTY_CITY_LOC,SPECIAL_COND,BEAT_TYPE,CHP_BEAT_TYPE,CITY_DIVISION_LAPD,CHP_BEAT_CLASS,BEAT_NUMBER,PRIMARY_RD,SECONDARY_RD,DISTANCE,DIRECTION,INTERSECTION,WEATHER_1,WEATHER_2,STATE_HWY_IND,CALTRANS_COUNTY,CALTRANS_DISTRICT,STATE_ROUTE,ROUTE_SUFFIX,POSTMILE_PREFIX,POSTMILE,LOCATION_TYPE,RAMP_INTERSECTION,SIDE_OF_HWY,TOW_AWAY,COLLISION_SEVERITY,NUMBER_KILLED,NUMBER_INJURED,PARTY_COUNT,PRIMARY_COLL_FACTOR,PCF_CODE_OF_VIOL,PCF_VIOL_CATEGORY,PCF_VIOLATION,PCF_VIOL_SUBSECTION,HIT_AND_RUN,TYPE_OF_COLLISION,MVIW,PED_ACTION,ROAD_SURFACE,ROAD_COND_1,ROAD_COND_2,LIGHTING,CONTROL_DEVICE,CHP_ROAD_TYPE,PEDESTRIAN_ACCIDENT,BICYCLE_ACCIDENT,MOTORCYCLE_ACCIDENT,TRUCK_ACCIDENT,NOT_PRIVATE_PROPERTY,ALCOHOL_INVOLVED,STWD_VEHTYPE_AT_FAULT,CHP_VEHTYPE_AT_FAULT,COUNT_SEVERE_INJ,COUNT_VISIBLE_INJ,COUNT_COMPLAINT_PAIN,COUNT_PED_KILLED,COUNT_PED_INJURED,COUNT_BICYCLIST_KILLED,COUNT_BICYCLIST_INJURED,COUNT_MC_KILLED,COUNT_MC_INJURED,PRIMARY_RAMP,SECONDARY_RAMP,LATITUDE,LONGITUDE,COUNTY,CITY,POINT_X,POINT_Y
8025139,2016,2017-02-18,2301,2016-05-12,0742,54,2301,4,5,2,2301,0,0,0,,0,001,"RT 1","CYPRESS ST",287.00,S,N,E,-,Y,MEN,1,1,-,-,60.630,H,-,N,Y,3,0,1,1,A,-,01,23152,E,N,A,I,A,B,H,-,A,D,0,,,,,Y,,A,01,0,1,0,0,0,0,0,0,0,"- ","- ",,,MENDOCINO,"FORT BRAGG",-123.80626855,39.432005590000003
8031620,2016,2017-02-11,2304,2016-02-16,1810,3235,,2,5,2,2304,0,0,0,,0,,"W VALLEY RD","RT 101",0.00,,Y,B,-,Y,MEN,1,101,-,-,46.740,I,6,S,N,3,0,1,2,A,-,10,21950,A,N,G,B,B,A,H,-,B,D,0,Y,,,,Y,,A,01,0,1,0,0,1,0,0,0,0,"- ","- ",,,MENDOCINO,WILLITS,-123.35360473,39.409003470000002
8034227,2016,2016-05-12,2301,2016-05-03,0729,62,2301,2,5,2,2301,0,0,0,,0,001,"CYPRESS ST","S FRANKLIN ST",4.00,E,N,B,-,N,,,,,,,,,,N,3,0,1,2,A,-,10,21950,A,N,G,B,B,A,H,-,A,A,0,Y,,,,Y,,A,01,0,1,0,0,1,0,0,0,0,"- ","- ",,,MENDOCINO,"FORT BRAGG",-123.80462584,39.432710149999998
8038340,2016,2016-05-19,2303,2016-03-31,1701,4C7,2303,4,5,3,2303,0,0,0,,0,002,"WEST MILL ST","SOUTH OAK ST",0.00,,Y,A,-,N,,,,,,,,,,Y,3,0,1,2,A,-,09,21801,A,F,A,C,A,A,H,-,A,D,0,,,,,Y,,A,01,0,1,0,0,0,0,0,0,0,"- ","- ",,,MENDOCINO,UKIAH,-123.20865990999999,39.145339900000003
8047152,2016,2016-05-20,2303,2016-04-18,1218,488,MT,1,5,3,2303,0,0,0,,0,002,"AIRPORT PARK BL","AIRPORT PARK BL  1100",0.00,,Y,A,-,N,,,,,,,,,,Y,4,0,1,3,A,-,09,21801,A,N,D,C,A,A,H,-,A,D,0,,,,,Y,,A,01,0,0,1,0,0,0,0,0,0,"- ","- ",,,MENDOCINO,UKIAH,-123.19860935,39.135396159999999
8047160,2016,2016-05-20,2303,2016-04-17,0852,469,2303,7,5,3,2303,0,0,0,,0,002,"STATE ST","S STATE ST 700",83.00,N,N,A,-,N,,,,,,,,,,Y,4,0,1,2,A,-,03,22350,,N,C,C,A,A,H,-,A,D,0,,,,,Y,,D,22,0,0,1,0,0,0,0,0,0,"- ","- ",,,MENDOCINO,UKIAH,,
8047164,2016,2016-05-20,2303,2016-04-04,1615,BWEBB,2303,1,5,3,2303,0,0,0,,0,001,"NORTH STATE ST","NORTON ST",0.00,,Y,A,-,N,,,,,,,,,,Y,4,0,1,3,A,-,09,21801,A,N,D,C,A,A,H,-,A,A,0,,,,,Y,,A,01,0,0,1,0,0,0,0,0,0,"- ","- ",,,MENDOCINO,UKIAH,-123.20821998,39.154079940000003
8047176,2016,2016-05-20,2303,2016-04-01,0606,482,2303,5,5,3,2303,0,0,0,,0,001,"EAST GOBBI ST","BABCOCK LN",0.00,,Y,A,-,N,,,,,,,,,,N,3,0,1,2,A,-,10,21950,A,N,G,B,B,A,H,-,C,A,0,Y,,,,Y,Y,D,22,0,1,0,0,1,0,0,0,0,"- ","- ",,,MENDOCINO,UKIAH,-123.19214999,39.145309910000002
8050202,2016,2017-02-18,2301,2016-05-27,0140,70,2301,5,5,2,2301,0,0,0,,0,002,"RT 1","OAK ST",310.00,N,N,A,-,Y,MEN,1,1,-,-,61.360,H,-,N,Y,3,0,2,1,A,-,01,23153,A,N,A,I,A,A,H,-,C,D,0,,,,,Y,Y,A,01,0,1,1,0,0,0,0,0,0,"- ","- ",,,MENDOCINO,"FORT BRAGG",-123.80600918,39.442598390000001
8064636,2016,2017-02-13,2301,2016-06-09,1618,56,2301,4,5,2,2301,0,0,0,,0,,"RT 1","WALNUT ST",91.00,N,N,A,-,Y,MEN,1,1,-,-,60.830,H,-,N,Y,4,0,1,3,A,-,04,21703,,N,C,C,A,A,H,-,A,A,0,,,,,Y,,D,22,0,0,1,0,0,0,0,0,0,"- ","- ",,,MENDOCINO,"FORT BRAGG",-123.80610557999999,39.434927129999998
8064789,2016,2017-02-13,2301,2016-06-10,0904,56,2301,5,5,2,2301,0,0,0,,0,,"SOUTH MAIN ST","CYPRESS ST",141.00,N,N,A,-,Y,MEN,1,1,-,-,60.750,H,-,N,N,4,0,1,2,A,-,08,22107,,N,B,G,A,A,H,-,A,D,0,,Y,,,Y,Y,A,07,0,0,1,0,0,0,1,0,0,"- ","- ",,,MENDOCINO,"FORT BRAGG",-123.80616972999999,39.433749910000003
8070090,2016,2016-06-30,2303,2016-05-31,1500,BWEBB,2303,2,5,3,2303,0,0,0,,0,001,"TALMAGE RD","WAUGH LN",0.00,,Y,A,-,N,,,,,,,,,,Y,4,0,1,2,A,-,09,21802,A,N,D,C,A,A,H,-,A,D,0,,,,,Y,,A,01,0,0,1,0,0,0,0,0,0,"- ","- ",,,MENDOCINO,UKIAH,-123.20005995,39.136189909999999
8070164,2016,2016-07-05,2303,2016-06-07,1637,BWEBB,2303,2,5,3,2303,0,0,0,,0,002,"SOUTH STATE ST","WABASH AV",165.00,N,N,A,-,N,,,,,,,,,,Y,4,0,1,2,A,-,03,22350,,N,C,C,A,A,H,-,A,D,0,,,,,Y,,A,01,0,0,1,0,0,0,0,0,0,"- ","- ",,,MENDOCINO,UKIAH,-123.20479125,39.132560669999997
8070166,2016,2016-07-05,2303,2016-06-17,1542,4C7,2303,5,5,3,2303,0,0,0,,0,002,"SOUTH STATE ST","WABASH AV",0.00,,Y,B,-,N,,,,,,,,,,Y,4,0,1,2,A,-,09,21802,A,N,D,C,A,A,H,-,A,A,0,,,,,Y,,A,01,0,0,1,0,0,0,0,0,0,"- ","- ",,,MENDOCINO,UKIAH,-123.20472986,39.132109919999998
8079801,2016,2017-02-28,2301,2016-07-02,1424,56,2301,6,5,2,2301,0,0,0,,0,,"RT 1","E ALDER ST",2.00,S,N,A,-,Y,MEN,1,1,-,-,61.387,I,5,N,Y,4,0,1,2,A,-,"- ",,,N,C,C,A,A,H,-,A,A,0,,,,,Y,,A,01,0,0,1,0,0,0,0,0,0,"- ","- ",,,MENDOCINO,"FORT BRAGG",-123.80600429,39.44298586
8085820,2016,2017-02-09,2303,2016-07-06,1243,BWEBB,2303,3,5,3,2303,0,0,0,,0,002,"SOUTH STATE ST","FREITAS AV",0.00,,Y,A,-,N,,,,,,,,,,Y,3,0,1,2,A,-,03,22350,,N,C,C,A,A,H,-,A,D,0,,,,,Y,,D,22,0,1,0,0,0,0,0,0,0,"- ","- ",,,MENDOCINO,UKIAH,-123.20619991,39.141319889999998
8085955,2016,2017-02-13,2303,2016-06-26,1243,484,"MT SA",7,5,3,2303,0,0,0,,0,002,"TALMAGE RD","RT 101",30.00,E,N,A,-,Y,MEN,1,222,-,R,0.410,I,5,E,Y,4,0,1,2,A,-,09,21804,A,N,D,C,A,A,H,-,A,D,0,,,,,Y,,A,01,0,0,1,0,0,0,0,0,0,"- ",NF,,,MENDOCINO,UKIAH,-123.18841839,39.135072999999998
8085987,2016,2016-07-25,2303,2016-06-29,1745,484,2303,3,5,3,2303,0,0,0,,0,00A,"TALMAGE RD","HASTINGS RD",22.00,E,N,A,-,N,,,,,,,,,,N,4,0,1,2,A,-,03,22350,,N,C,C,A,A,H,-,A,D,0,,,,,Y,,-,,0,0,1,0,0,0,0,0,0,"- ","- ",,,MENDOCINO,UKIAH,-123.19199338999999,39.136050419999997
8087682,2016,2016-07-25,2301,2016-07-09,2126,64,2301,6,5,2,2301,0,0,0,,0,001,"MCPHERSON ST","MADRONE ST",189.00,S,N,A,-,N,,,,,,,,,,N,4,0,1,2,A,-,21,22106,,N,G,B,E,A,H,-,C,D,0,Y,,,,Y,Y,A,01,0,0,1,0,1,0,0,0,0,"- ","- ",,,MENDOCINO,"FORT BRAGG",-123.80330409,39.439920960000002
8105705,2016,2017-02-24,2304,2016-08-04,1530,3430,,4,5,2,2304,0,0,0,,0,,"RT 101","STATE ST",75.00,S,N,A,-,Y,MEN,1,101,-,-,47.060,H,-,S,Y,4,0,1,2,A,-,08,22107,,N,B,C,A,A,H,-,A,D,0,,,,,Y,,D,22,0,0,1,0,0,0,0,0,0,"- ","- ",,,MENDOCINO,WILLITS,-123.35461699,39.413315150000003
8105709,2016,2017-02-28,2304,2016-07-09,0946,3410,,6,5,2,2304,0,0,0,,0,,"RT 101","VAN LN",30.00,N,N,A,-,Y,MEN,1,101,-,-,46.970,H,-,S,Y,4,0,1,2,A,-,03,22350,,N,C,C,A,A,H,-,A,A,0,,,,,Y,,A,01,0,0,1,0,0,0,0,0,0,"- ","- ",,,MENDOCINO,WILLITS,-123.35456925,39.412076140000003
8105713,2016,2017-02-11,2304,2016-05-23,1439,3410,SANHE,1,5,2,2304,0,0,0,,0,,"RT 101","WOOD ST",5.00,N,N,A,-,Y,MEN,1,101,-,-,46.870,H,-,S,N,4,0,1,3,A,-,03,22350,,N,C,C,A,A,H,-,A,D,0,,,,,Y,,D,23,0,0,1,0,0,0,0,0,0,"- ","- ",,,MENDOCINO,WILLITS,-123.35454181,39.410764049999997
8105910,2016,2017-02-28,2304,2016-07-20,2241,3420,,3,5,2,2304,0,0,0,,0,,"RT 101","WESTWOOD ST",0.00,,Y,A,-,Y,MEN,1,101,-,-,46.860,I,5,N,N,4,0,1,2,A,-,01,23153,A,N,G,B,B,A,H,-,C,D,0,Y,,,,Y,Y,A,07,0,0,1,0,1,0,0,0,0,"- ","- ",,,MENDOCINO,WILLITS,-123.35438655999999,39.410648000000002
8112384,2016,2016-09-06,2303,2016-08-26,1059,4C7,2303,5,5,3,2303,0,0,0,,0,002,"WAUGH LN","WAUGH LN 930",18.00,N,N,A,-,N,,,,,,,,,,N,4,0,1,2,A,-,21,22106,,N,H,C,A,A,H,-,A,D,0,,,,,Y,,D,22,0,0,1,0,0,0,0,0,0,"- ","- ",,,MENDOCINO,UKIAH,,
8112388,2016,2016-09-06,2303,2016-08-24,1953,485,2303,3,5,3,2303,0,0,0,,0,001,"AIRPORT PARK BL","COMMERCE DR",0.00,,Y,A,-,N,,,,,,,,,,Y,3,0,2,2,A,-,01,23153,A,N,D,C,A,A,H,-,B,D,0,,,,,Y,Y,A,07,0,2,0,0,0,0,0,0,0,"- ","- ",,,MENDOCINO,UKIAH,-123.19886986,39.132699909999999
8112396,2016,2016-09-08,2303,2016-07-30,1517,469,2303,6,5,3,2303,0,0,0,,0,002,"SOUTH STATE ST","TALMAGE RD",148.00,N,N,A,-,N,,,,,,,,,,N,4,0,1,2,A,-,03,22350,,N,C,C,A,A,H,-,A,D,0,,,,,Y,,D,22,0,0,1,0,0,0,0,0,0,"- ","- ",,,MENDOCINO,UKIAH,-123.20542106000001,39.136732709999997
8112447,2016,2016-11-07,2303,2016-08-17,1723,469,2303,3,5,3,2303,0,0,0,,0,001,"NORTH ORCHARD AV","N ORCHARD AV 200",0.00,,-,A,-,N,,,,,,,,,,N,2,0,1,2,A,-,09,21801,A,N,D,G,A,A,A,-,A,D,0,,Y,,,Y,,A,01,1,0,0,0,0,0,1,0,0,"- ","- ",,,MENDOCINO,UKIAH,-123.19910288,39.152388809999998
8136474,2016,2016-11-28,2303,2016-09-02,1017,78,2303,5,5,3,2303,0,0,0,,0,002,"WASHINGTON AV","SOUTH STATE ST",141.00,W,N,A,-,N,,,,,,,,,,N,4,0,1,2,A,-,03,22350,,N,C,C,A,A,H,-,A,A,0,,,,,Y,,D,22,0,0,1,0,0,0,0,0,0,"- ","- ",,,MENDOCINO,UKIAH,-123.20550719000001,39.134163829999999
8136626,2016,2016-10-07,2303,2016-09-06,1641,484,2303,2,5,3,2303,0,0,0,,0,001,"SOUTH SCHOOL ST","WEST PERKINS ST",13.00,S,N,A,-,N,,,,,,,,,,N,4,0,1,2,A,-,10,21950,A,N,G,B,B,A,H,-,A,D,0,Y,,,,Y,Y,A,07,0,0,1,0,1,0,0,0,0,"- ","- ",,,MENDOCINO,UKIAH,-123.20860053,39.149805059999998
8136634,2016,2016-10-07,2303,2016-09-09,1756,469,2303,5,5,3,2303,0,0,0,,0,001,"GROVE AV","NORTH SPRING ST",0.00,,Y,A,-,N,,,,,,,,,,N,2,0,1,2,A,-,00,22103,A,N,C,G,A,A,H,-,A,D,0,,Y,,,Y,Y,A,01,1,0,0,0,0,0,1,0,0,"- ","- ",,,MENDOCINO,UKIAH,-123.21562986000001,39.153489899999997
8137684,2016,2016-10-13,2303,2016-08-22,1447,88,2303,1,5,3,2303,0,0,0,,0,0B2,"WEST GOBBI ST","SOUTH OAK ST",0.00,,Y,A,-,N,,,,,,,,,,Y,4,0,1,2,A,-,09,21801,A,N,A,C,A,A,H,-,A,D,0,,,,,Y,,A,01,0,0,1,0,0,0,0,0,0,"- ","- ",,,MENDOCINO,UKIAH,-123.20803995999999,39.142789909999998
8152590,2016,2017-02-28,2303,2016-09-25,0959,484,2303,7,5,3,2303,0,0,0,,0,001,"TALMAGE RD","SOUTH STATE ST",54.00,E,N,A,-,Y,MEN,1,222,-,L,0.420,H,-,E,N,3,0,1,2,A,-,08,22107,,N,B,G,A,A,H,-,A,D,0,,Y,,,Y,,A,01,0,1,0,0,0,0,1,0,0,"- ","- ",,,MENDOCINO,UKIAH,-123.20491557,39.136319030000003
8157346,2016,2017-02-16,2301,2016-10-27,1925,52,2301,4,5,2,2301,0,0,0,,0,001,"RT 20","BOAT YARD DR",0.00,,Y,C,-,Y,MEN,1,1,-,R,0.122,I,5,S,Y,4,0,1,2,A,-,09,21802,A,N,D,C,A,B,H,-,C,A,0,,,,,Y,Y,A,01,0,0,1,0,0,0,0,0,0,"- ","- ",,,MENDOCINO,"FORT BRAGG",-123.52666954999999,38.764995460000002
8165621,2016,2017-02-28,2304,2016-07-13,1815,3415,,3,5,2,2304,0,0,0,,0,,"RT 101","CASTEEL LN",363.00,N,N,A,-,Y,MEN,1,101,-,-,47.490,H,-,N,Y,4,0,2,2,A,-,09,21804,A,N,D,C,A,A,H,-,A,D,0,,,,,Y,,A,01,0,0,2,0,0,0,0,0,0,"- ","- ",,,MENDOCINO,WILLITS,-123.35490479000001,39.419679109999997
8169129,2016,2016-11-16,2301,2016-11-09,1221,58,2301,3,5,2,2301,0,0,0,,0,,"FRANKLIN ST","E REDWOOD AV",154.00,S,N,A,-,N,,,,,,,,,,N,4,0,1,2,A,-,09,21804,A,N,D,C,A,A,G,-,A,D,0,,,Y,,Y,,A,01,0,0,1,0,0,0,0,0,1,"- ","- ",,,MENDOCINO,"FORT BRAGG",-123.8045767,39.443817080000002
8181288,2016,2016-12-07,2303,2016-11-23,1329,484,MTSAN,3,5,3,2303,0,0,0,,0,002,"SOUTH STATE ST","WABASH AV",85.00,N,N,A,-,N,,,,,,,,,,N,4,0,2,3,A,-,03,22350,,N,C,C,A,A,H,-,A,D,0,,,,,Y,,D,22,0,0,2,0,0,0,0,0,0,"- ","- ",,,MENDOCINO,UKIAH,-123.20476155999999,39.13234216
8181387,2016,2016-12-06,2303,2016-11-16,0743,WEBB,2303,3,5,3,2303,0,0,0,,0,002,"WEST MILL ST","SOUTH DORA ST",0.00,,Y,A,-,N,,,,,,,,,,N,4,0,1,2,A,-,10,21950,A,N,G,B,B,A,H,-,A,D,0,Y,,,,Y,,A,01,0,0,1,0,1,0,0,0,0,"- ","- ",,,MENDOCINO,UKIAH,-123.21127989,39.14468995
8181403,2016,2016-12-06,2303,2016-11-04,1530,470,2303,5,5,3,2303,0,0,0,,0,001,"DESPINA DR","LOW GAP RD",550.00,N,N,A,-,N,,,,,,,,,,N,2,0,1,2,A,-,11,21950,B,N,G,B,D,A,H,-,A,D,0,Y,,,,Y,,N,60,1,0,0,0,1,0,0,0,0,"- ","- ",,,MENDOCINO,UKIAH,-123.22171,39.163130529999997
8181481,2016,2016-12-07,2303,2016-11-01,0226,485,,2,5,3,2303,0,0,0,,0,002,"BABCOCK LN","EAST GOBBI ST",0.00,,Y,C,-,N,,,,,,,,,,Y,4,0,1,1,A,-,01,23152,A,M,E,I,A,B,H,-,C,D,0,,,,,Y,Y,A,01,0,0,1,0,0,0,0,0,0,"- ","- ",,,MENDOCINO,UKIAH,-123.19214999,39.145309910000002
8181587,2016,2017-01-25,2303,2016-11-01,0227,469,2303,2,5,3,2303,0,0,0,,0,002,"WASHO DR","EAST GOBBI ST",0.00,,Y,B,-,N,,,,,,,,,,Y,3,0,1,2,A,-,01,23152,A,M,C,E,A,B,A,-,C,D,0,,,,,Y,Y,A,01,0,1,0,0,0,0,0,0,0,"- ","- ",,,MENDOCINO,UKIAH,-123.18895990999999,39.14574992
8203688,2016,2017-01-10,2303,2016-12-09,1941,479,2303,5,5,3,2303,0,0,0,,0,002,"EAST GOBBI ST","OAK MANOR DR",317.00,W,N,B,-,N,,,,,,,,,,N,2,0,1,2,A,-,01,23152,,F,G,B,F,B,H,-,D,D,0,Y,,,,Y,Y,D,22,1,0,0,0,1,0,0,0,0,"- ","- ",,,MENDOCINO,UKIAH,-123.19300079,39.145230239999997
8203880,2016,2017-01-10,2303,2016-12-25,1855,469,2303,7,5,3,2303,0,0,0,,0,001,"EAST PERKINS ST","MASON ST",206.00,E,N,A,-,N,,,,,,,,,,N,4,0,1,2,A,-,11,21950,B,N,G,B,C,A,H,-,C,D,0,Y,,,,Y,,N,60,0,0,1,0,1,0,0,0,0,"- ","- ",,,MENDOCINO,UKIAH,-123.20448218999999,39.150558009999997
8203884,2016,2017-01-10,2303,2016-12-14,1306,4C7,2303,3,5,3,2303,0,0,0,,0,002,"SOUTH OAK ST","W CHURCH ST",0.00,,Y,C,-,N,,,,,,,,,,Y,4,0,1,4,A,-,09,21802,A,N,D,C,A,B,H,-,A,A,0,,,,,Y,,-,,0,0,1,0,0,0,0,0,0,"- ","- ",,,MENDOCINO,UKIAH,-123.20940998,39.149099980000003
8203888,2016,2017-01-10,2303,2016-12-12,1440,4C10,2303,1,5,3,2303,0,0,0,,0,001,"NORTH ORCHARD AV","CLARA AV",192.00,S,N,A,-,N,,,,,,,,,,Y,4,0,1,2,A,-,09,21804,A,N,D,C,A,A,H,-,A,D,0,,,,,Y,,A,01,0,0,1,0,0,0,0,0,0,"- ","- ",,,MENDOCINO,UKIAH,-123.19906173,39.155153239999997
8203892,2016,2017-01-10,2303,2016-12-05,0449,469,2303,1,5,3,2303,0,0,0,,0,001,"NORTH STATE ST","GIBSON ST",0.00,N,N,A,-,N,,,,,,,,,,Y,3,0,2,2,A,-,05,21460,A,N,B,C,A,A,H,-,C,D,0,,,,,Y,,A,01,0,1,1,0,0,0,0,0,0,"- ","- ",,,MENDOCINO,UKIAH,-123.20850995000001,39.157799900000001
8203920,2016,2017-01-10,2303,2016-12-21,1636,4C10,2303,3,5,3,2303,0,0,0,,0,002,"SOUTH STATE ST","BEACON LN",292.00,N,N,B,-,N,,,,,,,,,,Y,4,0,2,2,A,-,08,22102,,N,D,C,A,A,H,-,A,D,0,,,,,Y,,A,01,0,0,2,0,0,0,0,0,0,"- ","- ",,,MENDOCINO,UKIAH,-123.20442859000001,39.129801260000001
8204769,2016,2017-04-04,2301,2016-12-29,2150,52,2301,4,5,2,2301,0,0,0,,0,001,"RT 1","E REDWOOD AV",0.00,,Y,A,-,Y,MEN,1,1,-,-,61.471,I,5,S,Y,2,0,2,2,A,-,08,22107,,F,G,B,B,A,H,-,C,A,0,Y,,,,Y,Y,A,01,1,1,0,0,1,0,0,0,0,"- ","- ",,,MENDOCINO,"FORT BRAGG",-123.80598893,39.444203780000002
8290669,2017,2018-02-23,2301,2017-01-12,0827,61,2301,4,5,2,2301,0,0,0,,0,,"RT 1","BOAT YARD DR",29.00,N,N,A,-,Y,MEN,1,1,-,-,6.000,H,-,N,Y,4,0,1,2,A,-,12,21453,A,N,C,C,A,A,H,-,A,A,0,,,,,Y,,A,01,0,0,1,0,0,0,0,0,0,"- ","- ",,,MENDOCINO,"FORT BRAGG",-123.59492405,38.812753489999999
8294571,2017,2017-03-07,2303,2017-01-12,0818,4C7,2303,4,5,3,2303,0,0,0,,0,002,"AIRPORT PARK BL","COMMERCE DR",0.00,,Y,B,-,N,,,,,,,,,,Y,4,0,1,2,A,-,09,21802,A,N,D,C,A,B,H,-,A,A,0,,,,,Y,,D,22,0,0,1,0,0,0,0,0,0,"- ","- ",,,MENDOCINO,UKIAH,-123.19886986,39.132699909999999
8294575,2017,2017-02-06,2303,2017-01-11,1448,4C7,2303,3,5,3,2303,0,0,0,,0,001,"BRUSH ST","NORTH STATE ST",13.00,E,N,C,-,N,,,,,,,,,,N,3,0,1,2,A,-,11,21954,A,N,G,B,D,B,H,-,A,A,0,Y,,,,Y,,N,60,0,1,0,0,1,0,0,0,0,"- ","- ",,,MENDOCINO,UKIAH,-123.20877439,39.159306280000003
8294597,2017,2017-02-22,2303,2017-01-15,1010,492,,7,5,3,2303,0,0,0,,0,,"SOUTH STATE ST","HASTINGS AV",80.00,N,N,B,-,N,,,,,,,,,,Y,4,0,1,1,A,-,08,22107,,N,E,I,A,A,H,-,A,A,0,,,,,Y,,A,01,0,0,1,0,0,0,0,0,0,"- ","- ",,,MENDOCINO,UKIAH,-123.20504572999999,39.134387959999998
8294599,2016,2017-02-02,2303,2016-12-06,1415,4C7,2303,2,5,3,2303,0,0,0,,0,002,"HELEN AV","MENDOCINO DR",87.00,S,N,A,-,N,,,,,,,,,,N,3,0,1,2,A,-,21,22106,,N,D,E,A,A,H,-,A,D,0,,,,,Y,,D,22,0,1,0,0,0,0,0,0,0,"- ","- ",,,MENDOCINO,UKIAH,-123.21466717,39.140069920000002
8294786,2017,2017-02-03,2303,2017-01-13,1806,4C7,2303,5,5,3,2303,0,0,0,,0,001,"NORTH ORCHARD AV","CLARA AV",0.00,,Y,A,-,N,,,,,,,,,,N,2,0,1,2,A,-,01,23152,A,N,H,J,A,A,H,-,C,A,0,,,Y,,Y,Y,A,01,1,0,0,0,0,0,0,0,1,"- ","- ",,,MENDOCINO,UKIAH,-123.19902994,39.15567995
8294790,2017,2017-02-03,2303,2017-01-18,1103,4C7,2303,3,5,3,2303,0,0,0,,0,002,"EAST GOBBI ST","SOUTH MAIN ST",93.00,E,N,C,-,N,,,,,,,,,,N,4,0,1,2,A,-,03,22350,,N,C,C,A,B,H,-,A,D,0,,,,,Y,,A,07,0,0,1,0,0,0,0,0,0,"- ","- ",,,MENDOCINO,UKIAH,-123.20461863,39.143650350000001
8294798,2017,2017-02-03,2303,2017-01-06,1703,4C7,2303,5,5,3,2303,0,0,0,,0,002,"E MILL ST","SOUTH STATE ST",97.00,E,N,B,-,N,,,,,,,,,,Y,4,0,1,2,A,-,16,24002,A,N,C,E,A,A,H,-,B,A,0,,,,,Y,,A,01,0,0,1,0,0,0,0,0,0,"- ","- ",,,MENDOCINO,UKIAH,-123.20648850000001,39.145816259999997
8312147,2017,2017-02-27,2301,2017-02-10,1910,68,2301,5,5,2,2301,0,0,0,,0,,"S HAROLD ST","MAPLE ST",15.00,S,N,A,-,N,,,,,,,,,,N,3,0,1,2,A,-,03,22350,,N,G,B,B,A,H,-,C,D,0,Y,,,,Y,,A,01,0,1,0,0,1,0,0,0,0,"- ","- ",,,MENDOCINO,"FORT BRAGG",-123.79799426,39.43912065
8315400,2017,2017-03-07,2303,2017-01-29,1633,489,MTSAN,7,5,3,2303,0,0,0,,0,001,"NORTH OAK ST","WEST STANDLEY ST",0.00,,Y,A,-,N,,,,,,,,,,Y,4,0,2,2,A,-,09,21802,A,N,D,C,A,A,H,-,A,D,0,,,,,Y,,A,07,0,0,2,0,0,0,0,0,0,"- ","- ",,,MENDOCINO,UKIAH,-123.20969993,39.150319959999997
8315426,2017,2017-03-14,2303,2017-01-23,1631,4C13,2303,1,5,3,2303,0,0,0,,0,001,"NORTH OAK ST","W PERKINS ST",0.00,,Y,A,-,N,,,,,,,,,,N,4,0,1,4,A,-,12,22450,A,N,H,C,A,A,H,-,A,D,0,,,,,Y,,A,07,0,0,1,0,0,0,0,0,0,"- ","- ",,,MENDOCINO,UKIAH,-123.20952996,39.149689889999998
8320405,2017,2018-02-23,2301,2017-02-21,1136,64,2301,2,5,2,2301,0,0,0,,0,001,"RT 1","MAPLE ST",16.00,N,N,A,-,Y,MEN,1,1,-,-,6.112,I,5,N,Y,4,0,1,2,A,-,08,22107,,N,D,C,A,B,H,-,A,D,0,,,,,Y,,A,08,0,0,1,0,0,0,0,0,0,"- ","- ",,,MENDOCINO,"FORT BRAGG",-123.59598343,38.814224459999998
8322713,2016,2017-03-13,2303,2016-09-06,1810,479,2303,2,5,3,2303,0,0,0,,0,002,"EAST GOBBI ST","LESLIE ST",0.00,,Y,A,-,N,,,,,,,,,,N,3,0,1,2,A,-,03,22350,,N,G,B,B,A,H,-,A,D,0,Y,,,,Y,,A,01,0,1,0,0,1,0,0,0,0,"- ","- ",,,MENDOCINO,UKIAH,-123.20099985,39.144359899999998
8343247,2016,2017-12-27,2304,2016-10-24,1852,3395,2304,1,5,2,2304,0,0,0,,0,,"RT 101","STATE ST",75.00,S,N,C,-,N,,,,,,,,,,Y,4,0,1,2,A,-,03,22350,,N,C,C,A,B,H,-,A,A,0,,,,,Y,,D,22,0,0,1,0,0,0,0,0,0,"- ","- ",,,MENDOCINO,WILLITS,-123.35454387999999,39.413244069999998
8351905,2017,2018-04-11,2301,2017-04-14,2253,2,2301,5,5,2,2301,0,0,0,,0,,"RT 1","MANZANITA ST",8.00,W,N,A,-,Y,MEN,1,1,-,-,62.083,I,5,N,Y,3,0,2,2,A,-,08,22107,,N,D,C,A,A,H,-,C,A,0,,,,,Y,,A,01,0,1,1,0,0,0,0,0,0,"- ","- ",,,MENDOCINO,"FORT BRAGG",-123.80585926000001,39.45311195
8353931,2017,2017-05-05,2303,2017-03-28,0739,491,2303,2,5,3,2303,0,0,0,,0,001,"BRUSH ST","STATE ST",5.00,E,N,A,-,N,,,,,,,,,,N,4,0,1,2,A,-,11,21456,,N,G,B,-,A,H,-,A,A,0,Y,,,,Y,,N,60,0,0,1,0,1,0,0,0,0,"- ","- ",,,MENDOCINO,UKIAH,-123.20880246,39.15930857
8354108,2017,2017-05-03,2303,2017-04-17,1706,491,2303,1,5,3,2303,0,0,0,,0,001,"WEST STANDLEY ST","N SPRING ST",0.00,,Y,A,-,N,,,,,,,,,,N,4,0,1,2,A,-,09,21802,A,N,D,C,A,A,H,-,A,D,0,,,,,Y,,A,01,0,0,1,0,0,0,0,0,0,"- ","- ",,,MENDOCINO,UKIAH,-123.21454996,39.149529979999997
8355762,2017,2017-05-03,2303,2017-04-20,1455,4C7,2303,4,5,3,2303,0,0,0,,0,002,"SOUTH STATE ST","WASHINGTON AV",0.00,,Y,A,-,N,,,,,,,,,,N,3,0,1,2,A,-,12,21453,A,N,D,G,A,A,H,-,A,A,0,,Y,,,Y,,L,04,0,1,0,0,0,0,1,0,0,"- ","- ",,,MENDOCINO,UKIAH,-123.20500993,39.13416994
8355770,2017,2017-05-05,2303,2017-03-13,1449,4C14,2303,1,5,3,2303,0,0,0,,0,001,"EAST PERKINS ST","MASON ST",0.00,,Y,A,-,N,,,,,,,,,,Y,4,0,1,2,A,-,09,21802,,N,D,C,A,A,H,-,A,D,0,,,,,Y,,D,22,0,0,1,0,0,0,0,0,0,"- ","- ",,,MENDOCINO,UKIAH,-123.20518991,39.150429989999999