CASE_ID,ACCIDENT_YEAR,PROC_DATE,JURIS,COLLISION_DATE,COLLISION_TIME,OFFICER_ID,REPORTING_DISTRICT,DAY_OF_WEEK,CHP_SHIFT,POPULATION,CNTY_CITY_LOC,SPECIAL_COND,BEAT_TYPE,CHP_BEAT_TYPE,CITY_DIVISION_LAPD,CHP_BEAT_CLASS,BEAT_NUMBER,PRIMARY_RD,SECONDARY_RD,DISTANCE,DIRECTION,INTERSECTION,WEATHER_1,WEATHER_2,STATE_HWY_IND,CALTRANS_COUNTY,CALTRANS_DISTRICT,STATE_ROUTE,ROUTE_SUFFIX,POSTMILE_PREFIX,POSTMILE,LOCATION_TYPE,RAMP_INTERSECTION,SIDE_OF_HWY,TOW_AWAY,COLLISION_SEVERITY,NUMBER_KILLED,NUMBER_INJURED,PARTY_COUNT,PRIMARY_COLL_FACTOR,PCF_CODE_OF_VIOL,PCF_VIOL_CATEGORY,PCF_VIOLATION,PCF_VIOL_SUBSECTION,HIT_AND_RUN,TYPE_OF_COLLISION,MVIW,PED_ACTION,ROAD_SURFACE,ROAD_COND_1,ROAD_COND_2,LIGHTING,CONTROL_DEVICE,CHP_ROAD_TYPE,PEDESTRIAN_ACCIDENT,BICYCLE_ACCIDENT,MOTORCYCLE_ACCIDENT,TRUCK_ACCIDENT,NOT_PRIVATE_PROPERTY,ALCOHOL_INVOLVED,STWD_VEHTYPE_AT_FAULT,CHP_VEHTYPE_AT_FAULT,COUNT_SEVERE_INJ,COUNT_VISIBLE_INJ,COUNT_COMPLAINT_PAIN,COUNT_PED_KILLED,COUNT_PED_INJURED,COUNT_BICYCLIST_KILLED,COUNT_BICYCLIST_INJURED,COUNT_MC_KILLED,COUNT_MC_INJURED,PRIMARY_RAMP,SECONDARY_RAMP,LATITUDE,LONGITUDE,COUNTY,CITY,POINT_X,POINT_Y
90406232,2017,2017-03-06,9126,2017-03-01,1300,020431,,3,1,9,2300,0,1,2,,1,077,US-101,"SHERWOOD ROAD (NORTH)",2112.00,N,N,A,-,Y,,,,,,,,,,Y,4,0,1,1,A,-,08,22107,,N,E,I,A,A,H,-,A,D,0,,,,,Y,,A,01,0,0,1,0,0,0,0,0,0,"- ","- ",,,MENDOCINO,UNINCORPORATED,-123.45375328,39.601926130000003
90406336,2017,2017-03-06,9126,2017-03-04,1100,020431,,6,1,9,2300,0,1,2,,1,077,US-101,"SCHOW ROAD",8976.00,S,N,B,C,Y,,,,,,,,,,Y,4,0,1,1,A,-,08,22107,,N,F,A,A,B,H,-,A,D,0,,,,,Y,,A,07,0,0,1,0,0,0,0,0,0,"- ","- ",,,MENDOCINO,UNINCORPORATED,,
90406556,2017,2017-03-06,9150,2017-02-25,1423,021419,,6,2,9,2300,0,1,2,,1,010,US-101,"OLD RIVER RD",0.00,,Y,A,-,Y,,,101,,,,,,,Y,3,0,1,2,A,-,09,21802,A,N,D,C,A,A,H,-,A,A,0,,,,,Y,,D,22,0,1,0,0,0,0,0,0,0,"- ","- ",38.952919999999999,-123.09846,MENDOCINO,UNINCORPORATED,-123.09848042,38.952854219999999
90407631,2017,2017-03-07,9150,2017-01-28,2500,020700,,6,4,9,2300,0,1,2,,1,031,"US-101 NORTHBOUND","FORESTRY ENTRANCE ROAD",3168.00,N,N,B,-,Y,,,101,,,,,,N,Y,3,0,1,1,A,-,01,23152,A,M,F,A,A,A,H,-,D,D,0,,,,,Y,Y,A,01,0,1,0,0,0,0,0,0,0,"- ","- ",39.353859999999997,-123.32058000000001,MENDOCINO,UNINCORPORATED,-123.32059470999999,39.353869359999997
90408157,2017,2017-03-08,9150,2017-03-06,1310,013172,,1,1,9,2300,0,1,3,,1,052,"SR-1 S/B","MOUNTAIN VIEW RD",1056.00,N,N,B,-,Y,,,1,,,,,,S,Y,4,0,1,1,A,-,03,22350,,N,E,I,A,B,H,-,A,D,0,,,,,Y,,D,22,0,0,1,0,0,0,0,0,0,"- ","- ",38.954000000000001,-123.68863,MENDOCINO,UNINCORPORATED,-123.68861235999999,38.953982689999997
90408308,2017,2017-03-08,9150,2017-02-25,0045,017824,,6,3,9,2300,0,1,2,,1,010,"US-101 NORTHBOUND TO GEYSERS RD","GEYSERS RD",22.00,W,N,A,-,Y,,,101,,,,R,,N,Y,2,0,1,1,A,-,08,22107,,N,F,A,A,A,B,-,C,A,0,,,Y,,Y,,C,02,1,0,0,0,0,0,0,0,1,"- ","- ",38.858069999999998,-123.03796,MENDOCINO,UNINCORPORATED,-123.03796,38.858069999999998
90410711,2017,2017-03-13,9150,2017-03-02,0615,021208,,4,1,9,2300,0,1,3,,1,062,"COMPTCHE UKIAH RD","SR 1",6758.00,E,N,A,-,N,,,,,,,,,,Y,4,0,1,1,A,-,03,22350,,N,E,I,A,A,H,-,B,D,0,,,,,Y,,A,01,0,0,1,0,0,0,0,0,0,"- ","- ",39.293640000000003,-123.7741,MENDOCINO,UNINCORPORATED,-123.77407972,39.293579860000001
90411514,2017,2017-03-13,9126,2017-03-08,0701,014469,,3,1,9,2300,0,1,3,,2,050,"SR-162 (COVELO ROAD)","OUTLET CREEK",2640.00,N,N,B,-,Y,,,162,,,,,,,Y,4,0,1,1,A,-,08,22107,,N,E,I,A,B,H,-,A,D,0,,,,,Y,,A,01,0,0,1,0,0,0,0,0,0,"- ","- ",39.559919999999998,-123.41343999999999,MENDOCINO,UNINCORPORATED,-123.41344678,39.55988481
90411698,2017,2017-03-14,9126,2017-03-07,2205,021168,,2,3,9,2300,0,1,2,,2,011,US-101,"CONFUSION HILL",528.00,S,N,B,-,Y,,,101,,,,,,,Y,2,0,1,1,A,-,01,23152,A,N,E,I,A,B,H,-,D,D,0,,,,,Y,Y,A,07,1,0,0,0,0,0,0,0,0,"- ","- ",39.916969999999999,-123.76715,MENDOCINO,UNINCORPORATED,-123.76711612,39.917001820000003
90411898,2017,2017-03-14,9126,2017-03-05,1915,020482,,7,2,9,2300,0,1,2,,1,077,US-101,"RYAN CREEK ROAD",321.00,N,N,B,-,Y,,,,,,,,,,Y,1,1,0,1,A,-,08,22107,,N,E,I,A,B,H,-,D,D,0,,,,,Y,,A,01,0,0,0,0,0,0,0,0,0,"- ","- ",39.058840000000004,-121.36136,MENDOCINO,UNINCORPORATED,-123.36218727000001,39.480987679999998
90412815,2017,2017-03-15,9150,2017-03-07,1516,021012,,2,2,9,2300,0,1,3,,1,065,SR-20,"GRAVEL PIT RD",13728.00,E,N,B,-,Y,,,20,,,,,,,Y,2,0,1,1,A,-,08,22107,,N,E,I,A,B,H,-,A,A,0,,,Y,,Y,,C,02,1,0,0,0,0,0,0,0,1,"- ","- ",39.407449999999997,-123.72759000000001,MENDOCINO,UNINCORPORATED,-123.72760181,39.407425269999997
90413684,2017,2017-03-16,9150,2017-03-09,1347,021419,,4,1,9,2300,0,1,3,,1,024,"SR-20 W/B","EASTSIDE POTTER VALLEY ROAD",20.00,W,N,A,-,Y,,,20,,,,,,W,Y,4,0,1,1,A,-,08,22107,,N,E,I,A,A,H,-,A,D,0,,,,,Y,,D,22,0,0,1,0,0,0,0,0,0,"- ","- ",39.245750000000001,-123.12629,MENDOCINO,UNINCORPORATED,-123.12627653,39.245789610000003
90413989,2017,2017-03-16,9150,2017-03-10,1221,021419,,5,1,9,2300,0,2,4,,1,023,"N. STATE STREET","PARDUCCI RD",147.00,S,N,A,-,N,,,,,,,,,,N,3,0,2,2,A,-,03,22350,,N,C,G,A,A,H,-,A,D,0,,Y,,,Y,,L,04,0,1,1,0,0,0,2,0,0,"- ","- ",39.19708,-123.20628000000001,MENDOCINO,UNINCORPORATED,-123.20621432,39.197006260000002
90414972,2017,2017-03-20,9150,2017-03-10,2040,020700,,5,2,9,2300,0,1,2,,2,021,US-101,"REEVES CYN RD",448.00,S,N,A,-,Y,,,101,,,,,,,Y,3,0,1,1,A,-,01,23152,A,N,E,J,A,A,H,-,D,D,0,,,,,Y,Y,A,07,0,1,0,0,0,0,0,0,0,"- ","- ",39.273850000000003,-123.25225,MENDOCINO,UNINCORPORATED,-123.25192126,39.274430039999999
90416859,2017,2017-03-22,9150,2017-03-11,1845,020848,,6,2,9,2300,0,1,3,,2,016,SR-222,"SANFORD RANCH RD",694.00,W,N,A,-,Y,,,222,,,,,,,N,4,0,1,2,A,-,11,21954,A,N,G,B,D,A,H,-,A,D,0,Y,,,,Y,,N,60,0,0,1,0,1,0,0,0,0,"- ","- ",39.133110000000002,-123.17966,MENDOCINO,UNINCORPORATED,-123.17966002,39.1331062
90416887,2017,2017-03-22,9150,2017-03-15,1320,016075,,3,1,9,2300,0,2,4,,2,026,"E. SIDE POTTER VALLEY RD.",SR-20,8976.00,N,N,B,-,N,,,,,,,,,,Y,3,0,1,1,A,-,03,22350,,N,E,I,A,A,H,-,A,D,0,,,,,Y,,A,07,0,1,0,0,0,0,0,0,0,"- ","- ",39.266120000000001,-123.10943,MENDOCINO,UNINCORPORATED,-123.10944378000001,39.266118290000001
90417430,2017,2017-03-22,9126,2017-03-10,1545,021331,,5,2,9,2300,0,2,4,,1,003,"CR 318 (STEELE LANE)","MATHER LANE",1584.00,W,N,B,-,N,,,,,,,,,,Y,3,0,1,1,A,-,08,22107,,N,E,J,A,A,H,-,A,D,0,,,,,Y,Y,A,01,0,1,0,0,0,0,0,0,0,"- ","- ",39.652369999999998,-123.49035000000001,MENDOCINO,UNINCORPORATED,-123.49034876,39.652256420000001
90417432,2017,2017-03-22,9150,2017-03-11,1602,021419,,6,2,9,2300,0,3,5,,2,001,"RUDDICK CUNNINGHAM RD","SR-222 (TALMAGE ROAD)",1056.00,S,N,A,-,N,,,,,,,,,,Y,3,0,2,1,A,-,08,22107,,N,E,I,A,A,H,-,A,D,0,,,,,Y,,A,01,0,1,1,0,0,0,0,0,0,"- ","- ",39.129420000000003,-123.18311,MENDOCINO,UNINCORPORATED,-123.18314552,39.129430499999998
90417477,2017,2017-03-22,9126,2017-03-10,1755,021331,,5,2,9,2300,0,1,2,,1,077,"US-101 S/B",SR-162,4488.00,S,N,B,-,Y,,,101,,,,,,S,Y,2,0,1,2,A,-,03,22350,,N,C,C,A,A,H,-,D,D,0,,,Y,,Y,,C,02,1,0,0,0,0,0,0,0,1,"- ","- ",39.544319999999999,-123.42376,MENDOCINO,UNINCORPORATED,-123.42381835,39.54426058
90418278,2017,2017-03-23,9150,2017-03-11,1143,021444,,6,1,9,2300,0,2,4,,2,014,"OLD RIVER RD",SR-175,45197.00,N,N,A,-,N,,,,,,,,,,N,2,0,1,1,A,-,08,22107,,N,E,I,A,A,H,-,A,D,0,,Y,,,Y,,L,04,1,0,0,0,0,0,1,0,0,"- ","- ",39.058509999999998,-123.14242,MENDOCINO,UNINCORPORATED,-123.14239919000001,39.058522379999999
90418835,2017,2017-03-23,9150,2017-03-19,1915,018977,,7,2,9,2300,0,2,4,,2,026,"WESTSIDE POTTER VALLEY RD.","SPRING VALLEY RD",7920.00,S,N,B,-,N,,,,,,,,,,Y,2,0,1,1,A,-,01,23152,A,N,E,I,A,B,H,-,B,D,0,,,,,Y,Y,A,01,1,0,0,0,0,0,0,0,0,"- ","- ",39.287599999999998,-123.10708,MENDOCINO,UNINCORPORATED,-123.10706198,39.287646619999997
90419971,2017,2017-04-03,9150,2017-03-05,2106,021012,,7,2,9,2300,0,1,3,,1,062,SR-1,"NAVARRO RIDGE RD",1056.00,S,N,F,-,Y,,,1,,,,,,,Y,1,1,1,1,A,-,03,22350,,N,E,I,A,C,H,-,D,D,0,,,,,Y,,E,22,0,1,0,0,0,0,0,0,0,"- ","- ",39.202910000000003,-123.76904999999999,MENDOCINO,UNINCORPORATED,-123.76907136,39.202910180000003
90421739,2017,2017-03-27,9150,2017-03-20,1150,015775,,1,1,9,2300,0,1,3,,2,042,SR-128,"FLYNN CREEK RD",6970.00,E,N,B,-,Y,,,128,,,,,,,N,4,0,3,1,A,-,08,22107,,N,E,I,A,B,H,-,A,D,0,,,,,Y,,A,07,0,0,3,0,0,0,0,0,0,"- ","- ",39.16075,-123.56191,MENDOCINO,UNINCORPORATED,-123.56190907,39.160736829999998
90423843,2017,2017-03-29,9150,2017-03-17,0350,020848,,5,3,9,2300,0,1,2,,1,012,US-101,"CENTER ST",115.00,N,N,A,-,Y,,,101,,,,,,,Y,2,0,1,1,A,-,08,22107,,N,E,I,A,A,H,-,C,D,0,,,,Y,Y,,G,25,1,0,0,0,0,0,0,0,0,"- ","- ",38.973399999999998,-123.11613,MENDOCINO,UNINCORPORATED,-123.11623428,38.973447839999999
90423850,2017,2017-03-29,9150,2017-03-18,0415,020090,,6,3,9,2300,0,1,3,,1,064,SR-1,"NAMELESS LN",199.00,N,N,B,C,Y,,,1,,,,,,,Y,2,0,4,1,A,-,01,23152,A,N,E,I,A,B,H,-,D,D,0,,,,,Y,Y,A,01,1,2,1,0,0,0,0,0,0,"- ","- ",39.493760000000002,-123.78106,MENDOCINO,UNINCORPORATED,-123.78116314,39.493793420000003
90423856,2017,2017-03-29,9150,2017-03-10,1252,019107,,5,1,9,2300,0,2,4,,2,026,"MAIN STREET","EEL RIVER ROAD",293.00,W,N,A,-,N,,,,,,,,,,N,2,0,1,2,A,-,17,21203,,N,G,B,E,A,H,-,A,D,0,Y,,,,Y,,N,60,1,0,0,0,1,0,0,0,0,"- ","- ",,,MENDOCINO,UNINCORPORATED,-123.10016604,39.32179489
90424189,2017,2017-03-30,9126,2017-03-25,0615,021314,,6,1,9,2300,0,1,2,,1,077,US-101,"REYNOLDS HIGHWAY",1056.00,N,N,A,-,Y,,,101,,,,,,,Y,2,0,1,1,A,-,08,22107,,N,E,I,A,B,H,-,B,D,0,,,,,Y,Y,A,01,1,0,0,0,0,0,0,0,0,"- ","- ",39.466389999999997,-123.35336,MENDOCINO,UNINCORPORATED,-123.35338874,39.466338260000001
90425385,2017,2017-04-03,9150,2017-03-17,1341,019107,,5,1,9,2300,0,1,3,,1,024,SR-20,"POTTER VALLEY ROAD",332.00,E,N,A,-,Y,,,20,,,,,,,Y,2,0,2,2,A,-,09,21802,A,N,F,A,A,A,H,-,A,A,0,,,,,Y,,A,07,1,1,0,0,0,0,0,0,0,"- ","- ",39.245100000000001,-123.12548,MENDOCINO,UNINCORPORATED,-123.12541586,39.245202499999998
90426686,2017,2017-04-04,9150,2017-03-19,1352,019119,,7,1,9,2300,0,1,3,,1,024,"SR-20 E/B","COUNTY ROAD 144",0.00,,Y,B,-,Y,,,,,,,,,,Y,2,0,1,2,A,-,09,21802,A,N,D,C,A,A,H,-,A,A,0,,,,,Y,,A,07,1,0,0,0,0,0,0,0,0,"- ","- ",,,MENDOCINO,UNINCORPORATED,-123.19658996,39.243039930000002
90426967,2017,2017-04-04,9150,2017-03-26,1740,018977,,7,2,9,2300,0,1,3,,1,024,SR-20,"EAST SIDE POTTER VALLEY RD.",1584.00,W,N,C,-,Y,,,20,,,,,,,Y,4,0,2,1,A,-,03,22350,,N,E,I,A,B,H,-,A,D,0,,,,,Y,,A,01,0,0,2,0,0,0,0,0,0,"- ","- ",39.245480000000001,-123.13061999999999,MENDOCINO,UNINCORPORATED,-123.13056321000001,39.245362190000002
90426985,2017,2017-04-04,9150,2017-03-27,2104,020722,,1,2,9,2300,0,3,5,,2,002,"EASTSIDE CALPELLA RD","MARINA DR",875.00,S,N,A,-,N,,,,,,,,,,Y,4,0,1,1,A,-,01,23152,A,N,E,I,A,A,H,-,C,D,0,,,,,Y,Y,A,01,0,0,1,0,0,0,0,0,0,"- ","- ",39.228859999999997,-123.19937,MENDOCINO,UNINCORPORATED,-123.19941222999999,39.228736349999998
90427275,2017,2017-04-04,9150,2017-03-28,2210,018977,,2,3,9,2300,0,1,3,,1,037,SR-20,"IRMULCO RD",5280.00,E,N,A,-,Y,,,20,,,,,,,Y,3,0,1,1,A,-,08,22107,,N,F,A,A,A,H,-,D,D,0,,,Y,,Y,,C,02,0,1,0,0,0,0,0,0,1,"- ","- ",39.391159999999999,-123.4464,MENDOCINO,UNINCORPORATED,-123.44625318,39.391214900000001
90427833,2017,2017-04-05,9126,2017-03-31,1055,021314,,5,1,9,2300,0,1,2,,1,077,"US-101 N/B",SR-162,5280.00,S,N,A,-,Y,,,101,,,,,,N,Y,2,0,1,1,A,-,03,22350,,N,E,I,A,A,H,-,A,D,0,,,,,Y,,A,01,1,0,0,0,0,0,0,0,0,"- ","- ",39.543979999999998,-123.42315000000001,MENDOCINO,UNINCORPORATED,-123.42322109,39.543889219999997
90427942,2017,2017-04-05,9150,2017-03-30,1840,020090,,4,2,9,2300,0,3,5,,2,006,"BRANSCOMB RD",SR-1,32736.00,E,N,A,-,N,,,,,,,,,,Y,4,0,2,2,A,-,05,21650,,N,A,C,A,A,H,-,A,D,0,,,,,Y,,A,07,0,0,2,0,0,0,0,0,0,"- ","- ",39.660339999999998,-123.69208999999999,MENDOCINO,UNINCORPORATED,-123.69452222,39.660376669999998
90429116,2017,2017-04-06,9150,2017-03-24,1440,021589,,5,2,9,2300,0,1,3,,1,015,"RT 253",SR-128,12144.00,E,N,B,-,Y,,,253,,,,,,,Y,3,0,1,1,A,-,01,23152,A,N,E,I,A,B,H,-,A,D,0,,,,,Y,Y,A,01,0,1,0,0,0,0,0,0,0,"- ","- ",39.005040000000001,-123.32205,MENDOCINO,UNINCORPORATED,-123.32208178,39.005111329999998
90432872,2017,2017-04-12,9150,2017-04-04,1430,019181,,2,2,9,2300,0,1,2,,2,021,US-101,"WEST ROAD",20.00,S,N,A,-,Y,,,101,,,,,,,Y,2,0,4,1,A,-,03,22350,,N,F,A,A,A,H,-,A,D,0,,,,,Y,,A,07,2,1,1,0,0,0,0,0,0,"- ","- ",39.260820000000002,-123.22304,MENDOCINO,UNINCORPORATED,-123.22247486000001,39.261395469999997
90434068,2017,2017-04-13,9150,2017-04-05,1255,021659,,3,1,9,2300,0,1,3,,2,042,"SR 128","MASONITE INDUSTRIAL RD",1056.00,W,N,A,-,Y,,,128,,,,,,,Y,3,0,2,1,A,-,08,22107,,N,E,I,A,A,H,-,A,D,0,,,,,Y,,D,22,0,1,1,0,0,0,0,0,0,"- ","- ",39.158999999999999,-123.57272,MENDOCINO,UNINCORPORATED,-123.5727011,39.158986200000001
90434518,2017,2017-04-14,9150,2017-04-06,1607,021589,,4,2,9,2300,0,1,3,,1,015,SR-253,"SOUTHBOUND US-101 ON RAMP",0.00,,Y,B,C,Y,,,253,,,,,,,Y,2,0,4,2,A,-,09,21802,A,N,D,C,A,B,H,-,A,A,0,,,,,Y,,A,01,1,0,3,0,0,0,0,0,0,"- ","- ",39.106059999999999,-123.19499999999999,MENDOCINO,UNINCORPORATED,-123.19500290000001,39.10606962
90434886,2017,2017-04-17,9126,2017-04-08,0320,021331,,6,3,9,2300,0,1,2,,1,077,"SB US-101","UNDERPASS ROAD",1056.00,N,N,B,-,Y,,,,,,,,,,Y,4,0,1,1,A,-,08,22107,,N,E,I,A,B,H,-,D,D,0,,,,,Y,,A,07,0,0,1,0,0,0,0,0,0,"- ","- ",39.54177,-123.41285999999999,MENDOCINO,UNINCORPORATED,-123.41746087999999,39.538109660000003
90436089,2017,2017-04-17,9150,2017-03-30,1620,021527,,4,2,9,2300,0,3,5,,2,005,"SR-1 N/B","IVERSON RD",1584.00,N,N,A,-,Y,,,1,,,,,,N,Y,2,0,1,1,A,-,08,22107,,N,E,I,A,A,H,-,A,D,0,,,,,Y,Y,A,01,1,0,0,0,0,0,0,0,0,"- ","- ",38.852139999999999,-123.64792,MENDOCINO,UNINCORPORATED,-123.64788747,38.85216157
90436860,2017,2017-04-18,9126,2017-04-11,0700,021314,,2,1,9,2300,0,1,2,,1,077,US-101,"HARWOOD ROAD",25.00,N,N,C,-,Y,,,101,,,,,,,Y,3,0,2,1,A,-,08,22107,,N,E,I,A,B,H,-,B,D,0,,,,,Y,,A,01,0,1,1,0,0,0,0,0,0,"- ","- ",39.681449999999998,-123.47663,MENDOCINO,UNINCORPORATED,-123.47650705,39.681527260000003
90438155,2017,2017-04-19,9150,2017-04-13,1000,020090,,4,1,9,2300,0,1,3,,1,065,SR-20,"STATE FOREST RD 200",2640.00,E,N,B,-,Y,,,20,,,,,,,Y,3,0,2,2,A,-,03,22350,,N,B,C,A,B,H,-,A,D,0,,,,,Y,,D,22,0,1,1,0,0,0,0,0,0,"- ","- ",39.349780000000003,-123.54927000000001,MENDOCINO,UNINCORPORATED,-123.54914478000001,39.349901260000003
90439446,2017,2017-04-21,9150,2017-04-11,0915,017824,,2,1,9,2300,0,1,2,,1,012,US-101,"HENRY STATION RD",264.00,S,N,B,-,Y,,,101,,,,,,,Y,3,0,1,2,A,-,00,22170,,N,B,C,A,B,H,-,A,D,0,,,,Y,Y,,G,25,0,1,0,0,0,0,0,0,0,"- ","- ",39.038519999999998,-123.14653,MENDOCINO,UNINCORPORATED,-123.14640332,39.03860796
90439919,2017,2017-04-24,9150,2017-04-12,1530,021659,,3,2,9,2300,0,1,3,,2,041,"SR 128","NORTH CLOVERDALE BLVD",34320.00,W,N,B,C,Y,,,128,,,,,,,Y,3,0,1,1,A,-,03,22350,,N,E,I,A,B,H,-,A,D,0,,,,,Y,,A,07,0,1,0,0,0,0,0,0,0,"- ","- ",38.871740000000003,-123.0966,MENDOCINO,UNINCORPORATED,-123.09657196000001,38.871759109999999
90441853,2017,2017-04-25,9150,2017-04-10,1640,016075,,1,2,9,2300,0,1,2,,2,022,"US-101 N/B","CALPELLA ST.",0.00,,N,A,-,Y,,,101,,,,,,N,Y,4,0,1,1,C,-,18,,,N,E,I,A,A,H,-,A,D,0,,,,,Y,,-,"- ",0,0,1,0,0,0,0,0,0,"- ","- ",39.215949999999999,-123.20578999999999,MENDOCINO,UNINCORPORATED,-123.20580194,39.215945390000002
90442516,2017,2017-05-16,9126,2017-04-24,1433,014469,,1,2,9,2300,0,1,3,,2,050,"SR-162 (COVELO ROAD)","FRAZIER LANE",0.00,,Y,B,-,Y,,,162,,,,,,,N,4,0,2,2,A,-,03,22350,,N,C,C,A,A,H,-,A,D,0,,,,,Y,,D,22,0,0,2,0,0,0,0,0,0,"- ","- ",39.816879999999998,-123.22463,MENDOCINO,UNINCORPORATED,-123.22463098,39.816803129999997
90442539,2017,2017-04-26,9150,2017-04-24,0930,014435,,1,1,9,2300,0,1,3,,1,065,SR-20,"PARLIN FORK",8448.00,E,N,B,-,Y,,,20,,,,,,,Y,4,0,1,1,A,-,08,22107,,N,E,I,A,B,H,-,A,D,0,,,,,Y,,A,01,0,0,1,0,0,0,0,0,0,"- ","- ",39.35568,-123.62909999999999,MENDOCINO,UNINCORPORATED,-123.62911443,39.355834940000001
90442696,2017,2017-09-21,9126,2017-04-14,0127,020482,,5,3,9,2300,0,3,5,,2,007,"SHERWOOD ROAD","NORTH MAIN STREET",2112.00,W,N,A,-,N,,,,,,,,,,Y,2,0,2,1,A,-,03,22350,,N,E,I,A,A,H,-,D,D,0,,,,,Y,,A,08,1,1,0,0,0,0,0,0,0,"- ","- ",,,MENDOCINO,UNINCORPORATED,-123.35799962,39.420057839999998
90443481,2017,2017-04-27,9150,2017-04-15,0747,021659,,6,1,9,2300,0,3,5,,2,002,"EASTSIDE CALPELLA RD","MILANI DR",110.00,S,N,A,-,N,,,,,,,,,,Y,4,0,1,1,A,-,01,23152,A,F,F,A,A,A,H,-,A,D,0,,,,,Y,Y,A,01,0,0,1,0,0,0,0,0,0,"- ","- ",39.20438,-123.1934,MENDOCINO,UNINCORPORATED,-123.19739251999999,39.206051690000002
90443761,2017,2017-04-27,9126,2017-04-21,1850,020482,,5,2,9,2300,0,1,2,,1,077,US-101,"RYAN CREEK ROAD",1584.00,N,N,A,-,Y,,,,,,,,,,Y,3,0,1,2,A,-,05,21460,A,N,A,C,A,A,H,-,A,D,0,,,,,Y,,D,22,0,1,0,0,0,0,0,0,0,"- ","- ",,,MENDOCINO,UNINCORPORATED,-123.3607875,39.484282
90445036,2017,2017-04-28,9126,2017-04-19,2155,021081,,3,2,9,2300,0,3,5,,2,555,"BELL SPRINGS ROAD","RED MOUNTAIN ROAD",300.00,W,N,B,C,N,,,,,,,,,,N,3,0,1,1,A,-,08,22107,,N,F,A,A,B,H,-,D,D,0,,,,,Y,,A,01,0,1,0,0,0,0,0,0,0,"- ","- ",39.905650000000001,-123.59846,MENDOCINO,UNINCORPORATED,-123.59843909999999,39.906410020000003
90446187,2017,2017-05-01,9126,2017-04-24,1210,021314,,1,1,9,2300,0,1,3,,2,050,SR-162,"BIGGAR LANE",0.00,,Y,A,-,Y,,,162,,,,,,,N,4,0,1,2,A,-,09,21801,A,N,A,C,A,B,H,-,A,D,0,,,,,Y,,A,08,0,0,1,0,0,0,0,0,0,"- ","- ",39.80977,-123.24813,MENDOCINO,UNINCORPORATED,-123.24809655,39.809769660000001
90447369,2017,2017-05-02,9151,2017-04-15,1600,21659,,6,2,9,2300,0,3,5,,2,002,"MENDOCINO ROCK ROAD","MAYACMAS CAMP ROAD",1.26,N,N,A,-,N,,,,,,,,,,Y,2,0,3,1,A,-,01,23152,A,N,F,A,A,A,H,-,A,D,0,,,,,Y,Y,A,01,1,2,0,0,0,0,0,0,0,"- ","- ",39.16601,-123.0727,MENDOCINO,UNINCORPORATED,-123.0727,39.16601
90448186,2017,2017-05-03,9150,2017-04-19,0400,016680,,3,3,9,2300,0,2,4,,1,023,"NORTH STATE STREET","MOORE STREET",700.00,N,N,B,-,N,,,,,,,,,,Y,3,0,1,2,A,-,01,23152,A,M,E,I,A,A,H,-,C,D,0,,,,,Y,Y,D,22,0,1,0,0,0,0,0,0,0,"- ","- ",39.235489999999999,-123.20217,MENDOCINO,UNINCORPORATED,-123.20221343,39.235378220000001
90448266,2017,2017-05-03,9150,2017-04-23,0640,020200,,7,1,9,2300,0,2,4,,2,026,"PINE AVE","EASTSIDE POTTER VALLEY RD",7920.00,E,N,E,-,N,,,,,,,,,,N,3,0,1,2,A,-,03,22350,,M,C,C,A,A,H,-,A,D,0,,,,,Y,,A,07,0,1,0,0,0,0,0,0,0,"- ","- ",39.292670000000001,-123.07782,MENDOCINO,UNINCORPORATED,-123.07781249,39.29275123
90448314,2017,2017-05-12,9150,2017-04-21,0802,021659,,5,1,9,2300,0,2,4,,2,025,"WEST ROAD","ELLEN LYNN ST",383.00,S,N,A,-,N,,,,,,,,,,Y,3,0,1,2,A,-,21,22106,,N,B,C,A,A,H,-,A,D,0,,,,,Y,,A,01,0,1,0,0,0,0,0,0,0,"- ","- ",39.268680000000003,-123.21983,MENDOCINO,UNINCORPORATED,-123.21989007000001,39.267958110000002
90448653,2017,2017-05-03,9126,2017-04-22,1825,020482,,6,2,9,2300,0,1,3,,2,050,SR-162,"337D ROAD",528.00,W,N,A,-,Y,,,,,,,,,,Y,2,0,3,2,A,-,09,21804,A,N,D,C,A,A,H,-,A,D,0,,,,,Y,,A,07,1,2,0,0,0,0,0,0,0,"- ","- ",,,MENDOCINO,UNINCORPORATED,,
90449335,2017,2017-05-04,9126,2017-04-26,0930,020482,,3,1,9,2300,0,1,3,,2,050,SR-162,"DOS RIOS ROAD",10032.00,E,N,B,-,Y,,,,,,,,,,Y,4,0,1,1,D,-,00,,,N,E,I,A,A,H,-,A,D,0,,,,,Y,,-,"- ",0,0,1,0,0,0,0,0,0,"- ","- ",,,MENDOCINO,UNINCORPORATED,-123.31592825,39.709439000000003
90452589,2017,2017-05-09,9150,2017-04-25,1425,016075,,2,2,9,2300,0,1,2,,2,021,"US-101 S/B","PERKINS ST. O/C",4224.00,N,N,B,-,Y,,,101,,,,,,S,Y,3,0,1,1,A,-,08,22107,,N,F,I,A,A,H,-,A,D,0,,,,,Y,,A,01,0,1,0,0,0,0,0,0,0,"- ","- ",39.160200000000003,-123.19861,MENDOCINO,UNINCORPORATED,-123.19860516999999,39.160201389999997