CASE_ID,ACCIDENT_YEAR,PROC_DATE,JURIS,COLLISION_DATE,COLLISION_TIME,OFFICER_ID,REPORTING_DISTRICT,DAY_OF_WEEK,CHP_SHIFT,POPULATION,CNTY_CITY_LOC,SPECIAL_COND,BEAT_TYPE,CHP_BEAT_TYPE,CITY_DIVISION_LAPD,CHP_BEAT_CLASS,BEAT_NUMBER,PRIMARY_RD,SECONDARY_RD,DISTANCE,DIRECTION,INTERSECTION,WEATHER_1,WEATHER_2,STATE_HWY_IND,CALTRANS_COUNTY,CALTRANS_DISTRICT,STATE_ROUTE,ROUTE_SUFFIX,POSTMILE_PREFIX,POSTMILE,LOCATION_TYPE,RAMP_INTERSECTION,SIDE_OF_HWY,TOW_AWAY,COLLISION_SEVERITY,NUMBER_KILLED,NUMBER_INJURED,PARTY_COUNT,PRIMARY_COLL_FACTOR,PCF_CODE_OF_VIOL,PCF_VIOL_CATEGORY,PCF_VIOLATION,PCF_VIOL_SUBSECTION,HIT_AND_RUN,TYPE_OF_COLLISION,MVIW,PED_ACTION,ROAD_SURFACE,ROAD_COND_1,ROAD_COND_2,LIGHTING,CONTROL_DEVICE,CHP_ROAD_TYPE,PEDESTRIAN_ACCIDENT,BICYCLE_ACCIDENT,MOTORCYCLE_ACCIDENT,TRUCK_ACCIDENT,NOT_PRIVATE_PROPERTY,ALCOHOL_INVOLVED,STWD_VEHTYPE_AT_FAULT,CHP_VEHTYPE_AT_FAULT,COUNT_SEVERE_INJ,COUNT_VISIBLE_INJ,COUNT_COMPLAINT_PAIN,COUNT_PED_KILLED,COUNT_PED_INJURED,COUNT_BICYCLIST_KILLED,COUNT_BICYCLIST_INJURED,COUNT_MC_KILLED,COUNT_MC_INJURED,PRIMARY_RAMP,SECONDARY_RAMP,LATITUDE,LONGITUDE,COUNTY,CITY,POINT_X,POINT_Y
90452636,2017,2017-05-10,9150,2017-04-25,1339,021012,,2,1,9,2300,0,1,3,,1,062,SR-1,"SIMPSON RD.",215.00,S,N,B,-,Y,,,1,,,,,,,Y,2,0,2,2,A,-,03,22350,,N,B,C,A,B,H,-,A,D,0,,,,,Y,,A,07,1,1,0,0,0,0,0,0,0,"- ","- ",39.510440000000003,-123.76468,MENDOCINO,UNINCORPORATED,-123.76468878,39.510440320000001
90453181,2017,2017-05-10,9150,2017-05-01,1630,016075,,1,2,9,2300,0,1,2,,2,022,"US-101 S/B",SR-20,528.00,S,N,A,-,Y,,,101,,,,,,S,Y,4,0,1,2,C,-,18,,,N,E,C,A,A,H,-,A,D,0,,,,Y,Y,,-,"- ",0,0,1,0,0,0,0,0,0,"- ","- ",39.241669999999999,-123.20732,MENDOCINO,UNINCORPORATED,-123.20740583,39.24167679
90453503,2017,2017-05-10,9150,2017-04-28,0735,021659,,5,1,9,2300,0,2,4,,2,025,"COUNTY ROAD D","EAST ROAD",2851.00,E,N,A,-,N,,,,,,,,,,Y,4,0,2,1,A,-,08,22107,,N,F,A,A,A,H,-,A,D,0,,,,,Y,,D,22,0,0,2,0,0,0,0,0,0,"- ","- ",39.268929999999997,-123.19484,MENDOCINO,UNINCORPORATED,-123.19518216,39.268945080000002
90453514,2017,2017-05-10,9150,2017-04-19,1925,021589,,3,2,9,2300,0,2,4,,2,026,"EASTSIDE POTTER VALLEY RD","WESTSIDE POTTER VALLEY RD",1916.00,S,N,C,-,N,,,,,,,,,,Y,2,0,3,2,A,-,01,23152,A,N,A,C,A,B,H,-,B,D,0,,,,,Y,Y,A,01,1,1,1,0,0,0,0,0,0,"- ","- ",39.267330000000001,-123.10759,MENDOCINO,UNINCORPORATED,-123.10759,39.267330000000001
90453516,2017,2017-05-10,9150,2017-04-22,1310,021589,,6,1,9,2300,0,1,3,,1,024,"SR-20 W/B","6201 STATE HIGHWAY 20",51.00,E,N,A,-,Y,,,20,,,,,,W,N,4,0,1,2,A,-,04,21703,,N,C,C,A,A,H,-,A,D,0,,,,,Y,,A,01,0,0,1,0,0,0,0,0,0,"- ","- ",39.231789999999997,-123.10055,MENDOCINO,UNINCORPORATED,-123.10055287,39.231778149999997
90453525,2017,2017-05-11,9150,2017-04-29,1900,020700,,6,2,9,2300,0,1,2,,2,021,"US-101 NORTHBOUND","NORTH STATE STREET",584.00,N,N,A,-,Y,,,101,,,,,,N,Y,2,0,1,1,A,-,01,23152,A,N,E,I,A,A,H,-,A,D,0,,,Y,,Y,Y,C,02,1,0,0,0,0,0,0,0,1,"- ","- ",39.173729999999999,-123.21276,MENDOCINO,UNINCORPORATED,-123.21279131,39.173726950000002
90453534,2017,2017-05-11,9150,2017-04-27,1315,021659,,4,1,9,2300,0,1,3,,1,024,"RT 20","POTTER VALLEY RD",16949.00,E,N,A,-,Y,,,20,,,,,,,N,3,0,3,1,A,-,03,22350,,N,H,A,A,A,H,-,A,D,0,,,,,Y,,A,01,0,3,0,0,0,0,0,0,0,"- ","- ",39.217100000000002,-123.0802,MENDOCINO,UNINCORPORATED,-123.08021653,39.217082570000002
90453535,2017,2017-05-11,9150,2017-04-27,0718,021589,,4,1,9,2300,0,3,5,,2,004,"PHILO GREENWOOD RD","SIGNAL RIDGE RD",340.00,S,N,A,-,N,,,,,,,,,,Y,3,0,1,1,A,-,03,22350,,N,E,I,A,B,H,-,A,D,0,,,,,Y,,A,01,0,1,0,0,0,0,0,0,0,"- ","- ",39.076279999999997,-123.52,MENDOCINO,UNINCORPORATED,-123.52009561,39.076307190000001
90453540,2017,2017-05-11,9150,2017-04-25,1915,013172,,2,2,9,2300,0,3,5,,2,006,"SIMPSON LANE","ELLISON WAY",530.00,E,N,B,C,N,,,,,,,,,,N,4,0,1,1,A,-,01,23152,A,M,E,I,A,B,H,-,A,D,0,,,,,Y,Y,A,01,0,0,1,0,0,0,0,0,0,"- ","- ",39.407910000000001,-123.79268999999999,MENDOCINO,UNINCORPORATED,-123.79068731,39.405346559999998
90454062,2017,2017-05-11,9150,2017-05-02,1719,019119,,2,2,9,2300,0,1,3,,1,024,SR-20,"RUSSIAN RIVER BRIDGE",1056.00,E,N,A,-,Y,,,20,,,,,,,Y,4,0,1,1,A,-,03,22350,,N,F,I,A,A,D,-,A,D,0,,,Y,,Y,,C,02,0,0,1,0,0,0,0,0,1,"- ","- ",39.237250000000003,-123.15033,MENDOCINO,UNINCORPORATED,-123.15031858,39.2372327
90454968,2017,2017-05-12,9150,2017-04-29,1309,021659,,6,1,9,2300,0,1,3,,1,024,"RT 20","COUNTY ROAD 144",0.00,,Y,A,-,Y,,,20,,,,,,,Y,3,0,1,2,A,-,09,21801,B,N,A,C,A,A,H,-,A,D,0,,,,,Y,,A,01,0,1,0,0,0,0,0,0,0,"- ","- ",39.242449999999998,-123.19562999999999,MENDOCINO,UNINCORPORATED,-123.19565365,39.242423299999999
90455051,2017,2017-05-12,9150,2017-04-24,0835,019181,,1,1,9,2300,0,2,4,,1,023,"N STATE STREET","LAKE MENDOCINO DR",0.00,,Y,B,C,N,,,,,,,,,,Y,4,0,1,2,A,-,12,21453,A,N,D,C,A,B,H,-,A,A,0,,,,,Y,,A,01,0,0,1,0,0,0,0,0,0,"- ","- ",39.192810000000001,-123.20689,MENDOCINO,UNINCORPORATED,-123.20687,39.192819960000001
90455057,2017,2017-05-12,9150,2017-04-20,2300,021527,,4,3,9,2300,0,3,5,,2,005,"OLD STAGE RD","PACIFIC WOODS RD",300.00,N,N,A,-,N,,,,,,,,,,Y,4,0,1,1,A,-,01,23152,A,N,F,A,A,A,H,-,D,D,0,,,,,Y,Y,A,01,0,0,1,0,0,0,0,0,0,"- ","- ",38.790599999999998,-123.52370000000001,MENDOCINO,UNINCORPORATED,-123.52322368,38.789431190000002
90458533,2017,2017-05-18,9150,2017-05-15,1630,015775,,1,2,9,2300,0,1,2,,1,012,"US-101 N/B","SR-253 O/C",1320.00,S,N,A,-,Y,,,101,,,,,,N,Y,4,0,1,1,A,-,08,22107,,N,F,A,A,A,H,-,A,D,0,,,,,Y,,A,01,0,0,1,0,0,0,0,0,0,"- ","- ",39.101230000000001,-123.19240000000001,MENDOCINO,UNINCORPORATED,-123.19211195,39.101422659999997
90459463,2017,2017-05-19,9150,2017-05-05,0648,021589,,5,1,9,2300,0,1,2,,1,031,"US-101 S/B","BLACK BART DR",5280.00,N,N,A,-,Y,,,101,,,,,,S,Y,4,0,1,1,A,-,01,23152,E,N,E,I,A,A,H,-,B,D,0,,,,,Y,,A,01,0,0,1,0,0,0,0,0,0,"- ","- ",39.351080000000003,-123.32229,MENDOCINO,UNINCORPORATED,-123.32227447,39.351074439999998
90459681,2017,2017-05-19,9150,2017-05-04,0555,021589,,4,3,9,2300,0,1,2,,1,031,"US-101 N/B","REEVES CANYON RD",9504.00,N,N,A,-,Y,,,101,,,,,,N,Y,3,0,1,1,A,-,08,22107,,N,E,I,A,A,H,-,B,D,0,,,,,Y,,D,22,0,1,0,0,0,0,0,0,0,"- ","- ",39.29365,-123.27433000000001,MENDOCINO,UNINCORPORATED,-123.27433105999999,39.293639550000002
90459693,2017,2017-05-19,9150,2017-05-11,1500,021589,,4,2,9,2300,0,1,2,,1,031,"US-101 N/B","REEVES CANYON RD",13728.00,N,N,A,-,Y,,,101,,,,,,N,Y,3,0,1,1,A,-,08,22107,,N,E,I,A,A,H,-,A,D,0,,,,,Y,,D,22,0,1,0,0,0,0,0,0,0,"- ","- ",39.299660000000003,-123.2868,MENDOCINO,UNINCORPORATED,-123.28679898,39.299663379999998
90460539,2017,2017-05-22,9150,2017-05-16,0336,021012,,2,3,9,2300,0,1,3,,1,065,SR-20,"JAMES CREEK",6864.00,W,N,B,-,Y,,,20,,,,,,,Y,3,0,1,1,A,-,08,22107,,N,F,A,A,B,H,-,D,D,0,,,,,Y,,D,22,0,1,0,0,0,0,0,0,0,"- ","- ",39.348030000000001,-123.53359,MENDOCINO,UNINCORPORATED,-123.53359788,39.348042790000001
90461754,2017,2017-05-23,9150,2017-05-08,1335,019181,,1,1,9,2300,0,1,3,,1,013,SR-175,"PRATT RANCH RD",528.00,W,N,A,-,Y,,,175,,,,,,,Y,4,0,1,1,A,-,03,22350,,N,E,I,A,A,H,-,A,D,0,,,,,Y,,A,07,0,0,1,0,0,0,0,0,0,"- ","- ",38.978360000000002,-123.06868,MENDOCINO,UNINCORPORATED,-123.06868470000001,38.978360850000001
90462737,2017,2017-05-24,9126,2017-05-14,0231,014469,,7,3,9,2300,0,1,2,,1,077,"US-101 (REDWOOD HIGHWAY)","S. RYAN CREEK ROAD",1056.00,N,N,B,-,Y,,,101,,,,,,,Y,1,1,1,1,A,-,08,22107,,N,F,A,A,A,H,-,D,D,0,,,,,Y,,A,07,0,1,0,0,0,0,0,0,0,"- ","- ",39.474609999999998,-123.36329000000001,MENDOCINO,UNINCORPORATED,-123.36338384,39.474606479999998
90463029,2017,2017-05-24,9150,2017-05-02,1105,019181,,2,1,9,2300,0,1,3,,2,042,SR-128,SR-1,19008.00,E,N,A,-,Y,,,128,,,,,,,Y,2,0,1,1,A,-,03,22350,,N,E,I,A,A,H,-,A,D,0,,,,,Y,Y,D,22,1,0,0,0,0,0,0,0,0,"- ","- ",39.177549999999997,-123.69131,MENDOCINO,UNINCORPORATED,-123.69146945,39.176724749999998
90463500,2017,2017-05-25,9150,2017-05-13,2500,019107,,6,4,9,2300,0,1,3,,1,015,SR-253,"SOUTH STATE STREET",7286.00,W,N,A,-,Y,,,253,,,,,,,Y,2,0,1,1,A,-,01,23152,F,N,E,I,A,A,H,-,D,D,0,,,,,Y,,A,01,1,0,0,0,0,0,0,0,0,"- ","- ",39.093420000000002,-123.21563999999999,MENDOCINO,UNINCORPORATED,-123.215648,39.09349229
90465043,2017,2018-03-15,9150,2017-04-07,0135,020700,,5,3,9,2300,0,2,4,,1,023,"NORTH STATE STREET","HENSLEY CREEK RD",446.00,N,N,B,C,Y,,,,,,,,,,Y,1,2,3,5,A,-,03,22350,,N,A,C,A,B,H,-,C,D,0,,,,,Y,,A,01,1,1,1,0,0,0,0,0,0,"- ","- ",39.186880000000002,-123.21014,MENDOCINO,UNINCORPORATED,-123.20999738,39.186678090000001
90465151,2017,2017-05-26,9150,2017-05-12,1445,021527,,5,2,9,2300,0,3,5,,2,005,"OLD STAGE RD","OCEAN RIDGE DR",217.00,N,N,A,-,N,,,,,,,,,,Y,3,0,1,1,A,-,01,23152,A,N,E,I,A,A,H,-,A,D,0,,,,,Y,Y,A,01,0,1,0,0,0,0,0,0,0,"- ","- ",38.803759999999997,-123.53366,MENDOCINO,UNINCORPORATED,-123.53303299,38.803124879999999
90465283,2017,2017-05-26,9150,2017-05-20,1015,019107,,6,1,9,2300,0,3,5,,2,003,"E HILL ROAD","CENTER VALLEY ROAD",100.00,E,N,A,-,N,,,,,,,,,,N,4,0,1,2,A,-,06,21750,,N,B,G,A,A,H,-,A,D,0,,Y,,,Y,,D,22,0,0,1,0,0,0,1,0,0,"- ","- ",39.395949999999999,-123.32097,MENDOCINO,UNINCORPORATED,-123.32139603,39.394940009999999
90465742,2017,2017-05-26,9150,2017-05-17,1753,021419,,3,2,9,2300,0,3,5,,2,001,"SOUTH DORA ST","FIRCREST DR",0.00,,Y,A,-,N,,,,,,,,,,N,3,0,1,2,A,-,12,22450,A,N,F,A,A,A,H,-,A,A,0,,Y,,,Y,,L,04,0,1,0,0,0,0,1,0,0,"- ","- ",39.121169999999999,-123.20657,MENDOCINO,UNINCORPORATED,-123.20657994,39.121219940000003
90465770,2017,2017-05-26,9150,2017-04-30,1630,019119,,7,2,9,2300,0,3,5,,2,002,"OAK WOOD SPRINGS RD.","SCOTTS CREEK RD.",5280.00,E,N,A,-,N,,,,,,,,,,Y,4,0,2,1,A,-,03,22350,,F,E,I,A,A,H,-,A,D,0,,,,,Y,Y,A,07,0,0,2,0,0,0,0,0,0,"- ","- ",39.101100000000002,-123.07850000000001,MENDOCINO,UNINCORPORATED,-123.07850000000001,39.101100000000002
90466894,2017,2017-05-30,9150,2017-05-12,2146,021444,,5,2,9,2300,0,1,3,,2,042,SR-128,"GREENWOOD ROAD",3168.00,W,N,A,-,Y,,,128,,,,,,,Y,2,0,2,2,A,-,01,23152,A,N,A,C,A,A,H,-,D,D,0,,,,,Y,Y,A,01,1,0,1,0,0,0,0,0,0,"- ","- ",39.098080000000003,-123.48541,MENDOCINO,UNINCORPORATED,-123.4853931,39.098097099999997
90466941,2017,2017-05-30,9150,2017-05-15,0004,021444,,1,3,9,2300,0,2,4,,1,023,"NORTH STATE STREET","POMO LANE",610.00,S,N,A,-,N,,,,,,,,,,Y,4,0,1,1,A,-,01,23152,F,N,E,I,A,A,H,-,D,D,0,,,,,Y,,D,22,0,0,1,0,0,0,0,0,0,"- ","- ",39.206029999999998,-123.20357,MENDOCINO,UNINCORPORATED,-123.20359972999999,39.206067259999998
90467385,2017,2017-05-30,9150,2017-05-29,1118,015775,,1,1,9,2300,0,1,3,,1,015,SR-253,"ROBINSON CREEK RD",12038.00,W,N,A,-,Y,,,253,,,,,,,Y,2,0,1,1,A,-,03,22350,,N,E,I,A,A,H,-,A,D,0,,,Y,,Y,,C,02,1,0,0,0,0,0,0,0,1,"- ","- ",39.059179999999998,-123.24187999999999,MENDOCINO,UNINCORPORATED,-123.24187717,39.059173029999997
90467750,2017,2017-05-31,9126,2017-05-28,1115,020988,,7,1,9,2300,0,1,2,,2,011,"US 101","BRIDGES CREEK",52.00,S,N,A,-,Y,,,,,,,,,,Y,4,0,2,3,A,-,03,22350,,N,C,C,A,A,H,-,A,D,0,,,,,Y,,A,07,0,0,2,0,0,0,0,0,0,"- ","- ",,,MENDOCINO,UNINCORPORATED,-123.20494597,39.167101529999997
90468484,2017,2017-05-31,9126,2017-05-21,2157,014469,,7,2,9,2300,0,1,2,,1,077,"US-101 (REDWOOD HIGHWAY)","REYNOLDS HWY.",528.00,S,N,A,-,Y,,,101,,,,,,,Y,4,0,2,2,A,-,05,21460,C,N,B,C,A,A,H,-,D,D,0,,,,,Y,,A,01,0,0,2,0,0,0,0,0,0,"- ","- ",39.46264,-123.35033,MENDOCINO,UNINCORPORATED,-123.35030046,39.462648129999998
90468550,2017,2017-05-31,9150,2017-05-12,1645,021589,,5,2,9,2300,0,1,2,,1,012,"US-101 N/B FROM SR-175 W/B",US-101,25.00,E,N,A,-,Y,,,101,,,,R,,N,N,4,0,1,2,A,-,03,22350,,N,C,C,A,A,H,-,A,A,0,,,,,Y,,A,01,0,0,1,0,0,0,0,0,0,"- ","- ",38.971249999999998,-123.11658,MENDOCINO,UNINCORPORATED,-123.11658,38.971249999999998
90468607,2017,2017-05-31,9150,2017-05-17,1732,021589,,3,2,9,2300,0,2,4,,1,023,"N. STATE ST","HENSLEY CREEK RD",0.00,,Y,A,-,N,,,,,,,,,,Y,4,0,1,2,A,-,09,21801,A,N,D,C,A,A,H,-,A,A,0,,,,,Y,,D,22,0,0,1,0,0,0,0,0,0,"- ","- ",39.185429999999997,-123.20993,MENDOCINO,UNINCORPORATED,-123.20994996,39.185459979999997
90468635,2017,2017-05-31,9150,2017-04-25,1430,014435,,2,2,9,2300,0,1,3,,2,061,SR-128,"PAUL DIMMICK CAMPGROUND",6864.00,E,N,B,-,Y,,,128,,,,,,,Y,1,1,1,1,A,-,08,22107,,N,E,I,A,B,H,-,A,D,0,,,,,Y,,A,01,1,0,0,0,0,0,0,0,0,"- ","- ",39.15681,-123.63642,MENDOCINO,UNINCORPORATED,-123.63642369,39.157068070000001
90470801,2017,2017-06-05,9150,2017-05-13,0803,021589,,6,1,9,2300,0,1,2,,1,010,US-101,"GEYSERS RD",5280.00,N,N,A,-,Y,,,101,,,,,,,Y,3,0,2,2,A,-,01,23152,F,N,A,C,A,A,H,-,A,D,0,,,,,Y,,A,07,0,2,0,0,0,0,0,0,0,"- ","- ",38.871949999999998,-123.04452999999999,MENDOCINO,UNINCORPORATED,-123.04456196,38.871947689999999
90470980,2017,2017-06-05,9150,2017-05-25,0800,020090,,4,1,9,2300,0,1,3,,1,052,SR-1,"LAKE ST",1056.00,N,N,B,C,Y,,,1,,,,,,,Y,4,0,1,1,A,-,08,22107,,N,E,I,A,B,H,-,A,D,0,,,,,Y,,A,01,0,0,1,0,0,0,0,0,0,"- ","- ",38.91751,-123.7047,MENDOCINO,UNINCORPORATED,-123.70471259999999,38.917443149999997
90471375,2017,2017-06-05,9150,2017-05-18,1640,021589,,4,2,9,2300,0,1,3,,1,015,SR-253,"7001 SR-253",1056.00,W,N,A,-,Y,,,253,,,,,,,Y,4,0,1,1,A,-,08,22107,,N,E,I,A,A,H,-,A,D,0,,,,,Y,,A,01,0,0,1,0,0,0,0,0,0,"- ","- ",39.055529999999997,-123.24432,MENDOCINO,UNINCORPORATED,-123.24434362,39.05557984
90471950,2017,2017-06-06,9150,2017-05-28,1812,016030,,7,2,9,2300,0,1,3,,2,041,"S.R. 128","S.R 253",18005.00,E,N,A,-,Y,,,,,,,,,,Y,4,0,1,1,A,-,08,22107,,N,E,I,A,A,H,-,A,D,0,,,,,Y,,A,01,0,0,1,0,0,0,0,0,0,"- ","- ",38.98021,-123.34945999999999,MENDOCINO,UNINCORPORATED,,
90472041,2017,2017-06-06,9126,2017-05-25,1708,014469,,4,2,9,2300,0,1,2,,2,055,"US-101 (REDWOOD HIGHWAY)","TWIN ROCKS CREEK",1056.00,N,N,A,-,Y,,,101,,,,,,,Y,4,0,1,1,A,-,08,22107,,N,F,A,A,A,H,-,A,D,0,,,,,Y,,A,01,0,0,1,0,0,0,0,0,0,"- ","- ",39.822450000000003,-123.56532,MENDOCINO,UNINCORPORATED,-123.56520829999999,39.822573599999998
90472399,2017,2017-06-22,9150,2017-05-01,2150,014435,,1,2,9,2300,0,1,3,,1,051,SR-1,"SCHOONER GULCH RD",1584.00,N,N,A,-,Y,,,1,,,,,,,Y,1,1,1,2,A,-,05,21460,A,N,A,C,A,A,H,-,D,A,0,,,,,Y,Y,A,01,0,0,1,0,0,0,0,0,0,"- ","- ",38.871690000000001,-123.65709,MENDOCINO,UNINCORPORATED,-123.65711168,38.871625600000002
90473132,2017,2017-09-21,9126,2017-05-26,0030,020431,,5,3,9,2300,0,1,2,,1,077,US-101,"REYNOLDS HIGHWAY",1320.00,N,N,B,-,Y,,,101,,,,,,,Y,1,2,5,2,A,-,01,23152,F,N,A,C,A,B,H,-,D,D,0,,,,,Y,,A,07,3,2,0,0,0,0,0,0,0,"- ","- ",39.466299999999997,-123.3531,MENDOCINO,UNINCORPORATED,-123.35315185,39.466206659999997
90473341,2017,2017-06-07,9126,2017-05-25,1713,014469,,4,2,9,2300,0,1,2,,2,055,"US-101 (REDWOOD HIGHWAY)","BLACK OAK RANCH",4224.00,N,N,A,-,Y,,,,,,,,,,Y,3,0,1,1,A,-,01,23152,A,N,E,I,A,A,H,-,A,D,0,,,,,Y,Y,D,22,0,1,0,0,0,0,0,0,0,"- ","- ",,,MENDOCINO,UNINCORPORATED,,
90473597,2017,2017-06-08,9150,2017-06-01,1230,019524,,4,1,9,2300,0,2,4,,2,025,"WEST RD","KICKAPOO LN",186.00,N,N,A,-,N,,,,,,,,,,Y,4,0,1,1,A,-,08,22107,,N,E,I,A,A,H,-,A,D,0,,,,,Y,,A,01,0,0,1,0,0,0,0,0,0,"- ","- ",39.296680000000002,-123.21978,MENDOCINO,UNINCORPORATED,-123.21981,39.29663085
90473629,2017,2017-06-08,9150,2017-05-19,1400,017824,,5,2,9,2300,0,1,2,,1,012,US-101,"WESTWILL ROAD",1047.00,S,N,A,-,Y,,,101,,,,,,,Y,2,0,1,2,A,-,08,22107,,N,A,D,A,A,H,-,A,D,0,,,Y,,Y,,A,01,1,0,0,0,0,0,0,0,1,"- ","- ",38.97701,-123.11476999999999,MENDOCINO,UNINCORPORATED,-123.11473004,38.977012539999997
90473882,2017,2017-06-08,9150,2017-05-31,1640,020581,,3,2,9,2300,0,2,4,,1,023,"NORTH STATE ST","LAKE MENDOCINO DR EAST",148.00,S,N,A,-,N,,,,,,,,,,Y,3,0,5,2,A,-,03,22350,,N,C,C,A,A,H,-,A,D,0,,,,,Y,,A,08,0,5,0,0,0,0,0,0,0,"- ","- ",39.192349999999998,-123.20693,MENDOCINO,UNINCORPORATED,-123.20689959000001,39.192414159999998
90474764,2017,2017-06-09,9126,2017-06-08,1400,021216,,4,2,9,2300,0,1,2,,2,011,US-101,"BRIDGES CREEK",6864.00,S,N,B,-,Y,,,101,,,,,,,Y,3,0,1,1,A,-,08,22107,,N,F,A,A,A,H,-,A,D,0,,,Y,,Y,Y,C,02,0,1,0,0,0,0,0,0,1,"- ","- ",39.894820000000003,-123.75402,MENDOCINO,UNINCORPORATED,-123.75397848999999,39.894813360000001
90475531,2017,2017-06-12,9126,2017-06-02,1400,021331,,5,2,9,2300,0,3,5,,2,555,"(CR 336) MINA ROAD",SR-162,79200.00,N,N,A,-,N,,,,,,,,,,N,3,0,1,1,A,-,03,22350,,N,F,A,A,A,H,-,A,D,0,,,Y,,Y,,C,02,0,1,0,0,0,0,0,0,1,"- ","- ",39.93356,-123.35131,MENDOCINO,UNINCORPORATED,-123.31086999999999,39.91236
90475717,2017,2017-06-12,9150,2017-05-21,1705,021659,,7,2,9,2300,0,3,5,,2,002,"MILLVIEW ROAD","FEEDLOT LANE",55.00,S,N,A,-,N,,,,,,,,,,Y,3,0,1,1,A,-,01,23152,A,N,E,I,A,A,H,-,A,D,0,,,,,Y,Y,A,08,0,1,0,0,0,0,0,0,0,"- ","- ",39.170479999999998,-123.21368,MENDOCINO,UNINCORPORATED,-123.21363091000001,39.170559099999998
90475740,2017,2017-06-12,9126,2017-06-07,1433,021049,,3,2,9,2300,0,3,5,,2,555,"BELL SPRINGS ROAD","US 101",26928.00,N,N,B,-,N,,,,,,,,,,Y,3,0,1,1,A,-,08,22107,,N,F,A,A,A,H,-,A,D,0,,,,,Y,,A,07,0,1,0,0,0,0,0,0,0,"- ","- ",39.876220000000004,-123.57951,MENDOCINO,UNINCORPORATED,-123.58236459,39.879598340000001
90476539,2017,2017-06-13,9150,2017-06-05,1445,015775,,1,2,9,2300,0,1,3,,2,042,SR-128,"COUNTY ROAD 150 B",0.00,,Y,A,-,Y,,,128,,,,,,,Y,4,0,2,2,A,-,09,21801,A,N,D,C,A,A,H,-,A,D,0,,,,,Y,,A,01,0,0,2,0,0,0,0,0,0,"- ","- ",39.030140000000003,-123.38599000000001,MENDOCINO,UNINCORPORATED,-123.38601382,39.030114660000002
90476541,2017,2017-06-13,9150,2017-05-31,1525,021208,,3,2,9,2300,0,1,3,,1,065,"RT 20","BENSON LN",1056.00,W,N,A,-,Y,,,20,,,,,,,Y,4,0,1,2,A,-,03,22350,,F,C,C,A,A,H,-,A,D,0,,,,,Y,,A,01,0,0,1,0,0,0,0,0,0,"- ","- ",39.415500000000002,-123.78373000000001,MENDOCINO,UNINCORPORATED,-123.78373000000001,39.41542536
90476575,2017,2017-06-13,9150,2017-06-05,1548,021589,,1,2,9,2300,0,1,2,,2,022,"S/B US-101","CENTRAL AVE",1056.00,S,N,A,-,Y,,,101,,,,,,,Y,3,0,3,2,A,-,03,22350,,N,C,C,A,A,H,-,A,D,0,,,,,Y,,A,01,0,2,1,0,0,0,0,0,0,"- ","- ",39.222650000000002,-123.20716,MENDOCINO,UNINCORPORATED,-123.20712403,39.222659280000002
90477320,2017,2017-06-13,9150,2017-06-04,1925,021659,,7,2,9,2300,0,1,3,,1,037,"RT 20","JAMES CREEK",18744.00,E,N,A,-,Y,,,20,,,,,,,Y,4,0,1,1,A,-,01,23152,A,N,E,I,A,A,H,-,A,D,0,,,,,Y,Y,D,22,0,0,1,0,0,0,0,0,0,"- ","- ",39.377099999999999,-123.4858,MENDOCINO,UNINCORPORATED,-123.48592927,39.377186819999999
90477324,2017,2017-06-13,9150,2017-06-05,0045,014435,,1,3,9,2300,0,3,5,,2,005,"RANCHERIA RD","MOUNTAIN VIEW RD",1056.00,S,N,A,-,N,,,,,,,,,,N,3,0,1,1,A,-,08,22107,,N,E,I,A,A,H,-,D,D,0,,,,,Y,,D,22,0,1,0,0,0,0,0,0,0,"- ","- ",38.954189999999997,-123.6687,MENDOCINO,UNINCORPORATED,-123.66448423,38.9521108
90477763,2017,2017-06-14,9150,2017-06-11,2200,021589,,7,3,9,2300,0,1,3,,2,042,SR-128,"PHILO GREENWOOD RD",2112.00,E,N,A,-,Y,,,128,,,,,,,Y,3,0,1,1,A,-,08,22107,,N,E,I,A,A,H,-,C,D,0,,,,,Y,,A,01,0,1,0,0,0,0,0,0,0,"- ","- ",39.085949999999997,-123.47434,MENDOCINO,UNINCORPORATED,-123.47436057,39.085950959999998
90478037,2017,2017-06-14,9150,2017-06-13,1000,014435,,2,1,9,2300,0,1,3,,1,062,SR-1,"N. BIG RIVER RD",8.00,N,N,A,-,Y,,,1,,,,,,,Y,4,0,1,2,A,-,03,22350,,N,C,C,A,A,H,-,A,D,0,,,,,Y,,A,01,0,0,1,0,0,0,0,0,0,"- ","- ",39.304259999999999,-123.79210999999999,MENDOCINO,UNINCORPORATED,-123.79213341000001,39.304251039999997
90478150,2017,2017-06-14,9150,2017-06-11,1321,021012,,7,1,9,2300,0,1,3,,1,062,SR-1,"FROG POND RD",528.00,S,N,A,-,Y,,,1,,,,,,,Y,2,0,1,1,A,-,08,22107,,N,E,I,A,A,H,-,A,D,0,,,Y,,Y,,C,02,1,0,0,0,0,0,0,0,1,"- ","- ",39.242440000000002,-123.77609,MENDOCINO,UNINCORPORATED,-123.77608850999999,39.242539479999998