CASE_ID,ACCIDENT_YEAR,PROC_DATE,JURIS,COLLISION_DATE,COLLISION_TIME,OFFICER_ID,REPORTING_DISTRICT,DAY_OF_WEEK,CHP_SHIFT,POPULATION,CNTY_CITY_LOC,SPECIAL_COND,BEAT_TYPE,CHP_BEAT_TYPE,CITY_DIVISION_LAPD,CHP_BEAT_CLASS,BEAT_NUMBER,PRIMARY_RD,SECONDARY_RD,DISTANCE,DIRECTION,INTERSECTION,WEATHER_1,WEATHER_2,STATE_HWY_IND,CALTRANS_COUNTY,CALTRANS_DISTRICT,STATE_ROUTE,ROUTE_SUFFIX,POSTMILE_PREFIX,POSTMILE,LOCATION_TYPE,RAMP_INTERSECTION,SIDE_OF_HWY,TOW_AWAY,COLLISION_SEVERITY,NUMBER_KILLED,NUMBER_INJURED,PARTY_COUNT,PRIMARY_COLL_FACTOR,PCF_CODE_OF_VIOL,PCF_VIOL_CATEGORY,PCF_VIOLATION,PCF_VIOL_SUBSECTION,HIT_AND_RUN,TYPE_OF_COLLISION,MVIW,PED_ACTION,ROAD_SURFACE,ROAD_COND_1,ROAD_COND_2,LIGHTING,CONTROL_DEVICE,CHP_ROAD_TYPE,PEDESTRIAN_ACCIDENT,BICYCLE_ACCIDENT,MOTORCYCLE_ACCIDENT,TRUCK_ACCIDENT,NOT_PRIVATE_PROPERTY,ALCOHOL_INVOLVED,STWD_VEHTYPE_AT_FAULT,CHP_VEHTYPE_AT_FAULT,COUNT_SEVERE_INJ,COUNT_VISIBLE_INJ,COUNT_COMPLAINT_PAIN,COUNT_PED_KILLED,COUNT_PED_INJURED,COUNT_BICYCLIST_KILLED,COUNT_BICYCLIST_INJURED,COUNT_MC_KILLED,COUNT_MC_INJURED,PRIMARY_RAMP,SECONDARY_RAMP,LATITUDE,LONGITUDE,COUNTY,CITY,POINT_X,POINT_Y
90665263,2018,2018-02-21,9126,2018-02-11,1325,021331,,7,1,9,2300,0,2,4,,2,070,"SHERWOOD ROAD","BIRCH STREET",1320.00,S,N,B,-,N,,,,,,,,,,Y,2,0,1,2,A,-,05,21460,A,N,A,C,A,A,H,-,A,D,0,,,,,Y,,D,22,1,0,0,0,0,0,0,0,0,"- ","- ",39.43048095703125,-123.37184143066406,MENDOCINO,UNINCORPORATED,-123.37109375,39.430030822753906
90665643,2018,2018-02-21,9126,2018-02-11,1700,014469,,7,2,9,2300,0,2,4,,1,001,"COUNTY ROAD 429 (BRANSCOMB ROAD)","KINNEY CREEK ROAD",1584.00,W,N,B,-,N,,,,,,,,,,Y,2,0,1,1,A,-,08,22107,,N,E,I,A,B,H,-,A,D,0,,,,,Y,,A,01,1,0,0,0,0,0,0,0,0,"- ","- ",39.667301177978516,-123.64386749267578,MENDOCINO,UNINCORPORATED,-123.64253997802734,39.661796569824219
90670688,2018,2018-02-27,9150,2018-02-03,1015,021527,,6,1,9,2300,0,3,5,,2,005,SR-1,"BAYWOOD DRIVE",5.00,S,N,A,-,Y,,,1,,,,,,,N,4,0,1,2,A,-,11,21954,A,N,G,B,D,A,H,-,A,D,0,Y,,,,Y,,N,60,0,0,1,0,1,0,0,0,0,"- ","- ",39.324699401855469,-123.80271148681641,MENDOCINO,UNINCORPORATED,-123.80275726318359,39.324668884277344
90670840,2018,2018-02-27,9150,2018-01-29,1009,021816,,1,1,9,2300,0,1,3,,1,013,SR-175,"BUCKMAN DR",25872.00,W,N,B,-,Y,,,175,,,,,,,Y,4,0,1,1,A,-,08,22107,,N,F,A,A,B,H,-,A,D,0,,,,Y,Y,,G,25,0,0,1,0,0,0,0,0,0,"- ","- ",38.982681274414062,-122.99913024902344,MENDOCINO,UNINCORPORATED,-122.99913024902344,38.982673645019531
90671029,2018,2018-02-27,9150,2018-02-22,1649,021444,,4,2,9,2300,0,2,4,,1,023,"N. STATE STREET","KUNZLER RANCH ROAD",0.00,,Y,B,-,N,,,,,,,,,,N,4,0,1,2,A,-,09,21802,A,N,D,C,A,A,H,-,A,A,0,,,,,Y,,A,01,0,0,1,0,0,0,0,0,0,"- ","- ",39.177860260009766,-123.21022796630859,MENDOCINO,UNINCORPORATED,-123.21025085449219,39.177780151367188
90671459,2017,2018-02-28,9126,2017-12-21,1315,020706,,4,1,9,2300,0,1,2,,2,011,US-101,"DORA CREEK BRIDGE",2323.00,S,N,A,-,Y,,,101,,,,,,,Y,1,1,0,3,A,-,05,21460,A,N,B,C,A,A,H,-,A,D,0,,,,Y,Y,,F,27,0,0,0,0,0,0,0,0,0,"- ","- ",39.894289999999998,-123.75395,MENDOCINO,UNINCORPORATED,-123.75403043,39.894293449999999
90671501,2018,2018-02-28,9126,2018-02-20,1315,021838,,2,1,9,2300,0,1,2,,1,077,US-101,"REYNOLDS HIGHWAY",5280.00,S,N,B,-,Y,,,101,,,,,,,Y,3,0,1,1,A,-,08,22107,,N,E,I,A,A,H,-,A,D,0,,,,,Y,,A,01,0,1,0,0,0,0,0,0,0,"- ","- ",39.449100494384766,-123.34799194335938,MENDOCINO,UNINCORPORATED,-123.34842681884766,39.449344635009766
90672620,2018,2018-03-01,9126,2018-02-24,0830,021827,,6,1,9,2300,0,1,2,,2,011,"US-101 S/B","CUMMINGS UNDERCROSSING",2640.00,S,N,C,-,Y,,,101,,,,,,S,Y,3,0,1,1,A,-,03,22350,,N,E,I,A,C,H,-,A,D,0,,,,,Y,,D,22,0,1,0,0,0,0,0,0,0,"- ","- ",39.8277587890625,-123.60723114013672,MENDOCINO,UNINCORPORATED,-123.60722351074219,39.827632904052734
90673253,2018,2018-03-01,9126,2018-02-16,2500,020886,,5,4,9,2300,0,1,2,,2,055,US-101,"SPYROCK RD",4752.00,N,N,A,-,Y,,,101,,,,,,,Y,3,0,1,1,A,-,03,22350,,N,E,I,A,A,H,-,D,D,0,,,,,Y,Y,D,23,0,1,0,0,0,0,0,0,0,"- ","- ",39.809299468994141,-123.55294036865234,MENDOCINO,UNINCORPORATED,-123.55293273925781,39.809410095214844
90673296,2017,2018-03-01,9126,2017-12-12,1227,014469,,2,1,9,2300,0,1,2,,1,077,"US-101 (REDWOOD HIGHWAY)","SHIMMONS RIDGE ROAD",5280.00,N,N,A,-,Y,,,101,,,,,,,Y,1,1,1,1,A,-,01,23152,G,N,E,I,A,A,H,-,A,D,0,,,,,Y,Y,D,22,1,0,0,0,0,0,0,0,0,"- ","- ",39.828000000000003,-123.57606,MENDOCINO,UNINCORPORATED,-123.57605006999999,39.828097800000002
90675933,2018,2018-03-06,9150,2018-02-24,1600,021444,,6,2,9,2300,0,1,3,,1,037,SR-20,"IRMULCO RD",5808.00,E,N,C,-,Y,,,20,,,,,,,Y,3,0,2,1,A,-,03,22350,,N,E,I,A,B,H,-,A,A,0,,,,,Y,Y,A,01,0,2,0,0,0,0,0,0,0,"- ","- ",39.384941101074219,-123.47416687011719,MENDOCINO,UNINCORPORATED,-123.47411346435547,39.384963989257812
90676614,2018,2018-03-07,9126,2018-02-23,0730,022033,,5,1,9,2300,0,2,4,,2,070,"SHERWOOD ROAD","BROOKTRAILS DRIVE",712.00,N,N,A,-,N,,,,,,,,,,Y,3,0,2,1,A,-,08,22107,,N,E,I,A,A,H,-,A,D,0,,,,,Y,,A,01,0,1,1,0,0,0,0,0,0,"- ","- ",39.436820983886719,-123.37902069091797,MENDOCINO,UNINCORPORATED,-123.37912750244141,39.437118530273438
90677366,2018,2018-03-07,9150,2018-02-25,1946,021659,,7,2,9,2300,0,1,3,,2,016,"TALMAGE RD","RUDDICK CUNNINGHAM RD",64.00,W,N,A,-,Y,,,,,,,,,,Y,3,0,2,2,A,-,01,23153,A,F,A,C,A,A,H,-,D,D,0,,,,,Y,Y,D,22,0,2,0,0,0,0,0,0,0,"- ","- ",39.13330078125,-123.18299865722656,MENDOCINO,UNINCORPORATED,-123.18324279785156,39.133426666259766
90678904,2018,2018-03-09,9150,2018-03-01,1722,021444,,4,2,9,2300,0,1,3,,1,024,SR-20,"POTTER VALLEY RD",2112.00,W,N,C,-,Y,,,20,,,,,,,Y,4,0,1,2,A,-,04,21703,,N,C,C,A,B,H,-,B,A,0,,,,,Y,,A,01,0,0,1,0,0,0,0,0,0,"- ","- ",39.243568420410156,-123.13490295410156,MENDOCINO,UNINCORPORATED,-123.13490295410156,39.243587493896484
90678958,2018,2018-03-23,9150,2018-02-28,1440,022018,,3,2,3,2303,0,2,4,,1,023,"NORTH STATE STREET","EMPIRE AVE",56.00,S,N,B,C,N,,,,,,,,,,N,4,0,1,2,A,-,03,22350,,N,C,C,A,B,H,-,A,D,0,,,,,Y,,A,07,0,0,1,0,0,0,0,0,0,"- ","- ",39.167400360107422,-123.21119689941406,MENDOCINO,UKIAH,-123.21128845214844,39.167598724365234
90678964,2018,2018-03-09,9126,2018-02-28,1930,022033,,3,2,9,2300,0,1,2,,1,077,US-101,"SLOAN RD",1365.00,N,N,C,-,Y,,,101,,,,,,,Y,3,0,1,1,A,-,08,22107,,N,E,I,A,B,H,-,D,D,0,,,,,Y,,A,01,0,1,0,0,0,0,0,0,0,"- ","- ",39.6279296875,-123.46224975585938,MENDOCINO,UNINCORPORATED,-123.46231079101562,39.6279296875
90678996,2018,2018-03-09,9150,2018-03-04,0030,020090,,7,3,9,2300,0,1,3,,1,065,"SR-20 E/B","STATE FOREST RD 350",1.30,W,N,B,C,Y,,,20,,,,,,E,Y,2,0,1,1,A,-,01,23152,A,N,E,I,A,B,H,-,D,D,0,,,,,Y,Y,A,07,1,0,0,0,0,0,0,0,0,"- ","- ",39.405059814453125,-123.73403930664062,MENDOCINO,UNINCORPORATED,-123.73398590087891,39.404991149902344
9068003,2020,2020-03-12,2303,2020-01-05,1029,105,2303,7,5,3,2303,0,0,0,,0,001,"NORTH MAIN ST","EAST PERKINS ST",0.00,,Y,B,C,N,,,,,,,,,,N,4,0,1,2,A,-,09,21802,A,N,D,C,A,B,H,-,A,A,0,,,,,Y,,A,01,0,0,1,0,0,0,0,0,0,"- ","- ",,,MENDOCINO,UKIAH,-123.20667266845703,39.150188446044922
9068007,2020,2020-08-10,2303,2020-01-18,0104,494,2303,6,5,3,2303,0,0,0,,0,001,"PEACH ST (POWER POLE #494)","PEACH ST",5.00,N,N,A,-,N,,,,,,,,,,Y,4,0,1,6,A,-,01,23152,A,M,C,E,E,B,H,-,C,D,0,Y,,,,Y,Y,A,01,0,0,1,0,0,0,0,0,0,"- ","- ",,,MENDOCINO,UKIAH,,
9068011,2020,2020-03-17,2303,2020-01-27,1831,473,2303,1,5,3,2303,0,0,0,,0,001,"S DORA ST","BEACON LN",0.00,,Y,A,-,N,,,,,,,,,,N,4,0,1,2,A,-,09,21804,A,N,D,C,A,B,H,-,C,A,0,,,,,Y,,A,01,0,0,1,0,0,0,0,0,0,"- ","- ",,,MENDOCINO,UKIAH,-123.2086181640625,39.128940582275391
90682305,2018,2018-03-14,9150,2018-03-03,1735,021816,,6,2,9,2300,0,3,5,,2,004,"MOUNTAIN VIEW RD",SR-128,12672.00,S,N,B,-,N,,,,,,,,,,Y,4,0,1,1,A,-,08,22107,,N,E,I,A,B,H,-,A,D,0,,,,,Y,,A,07,0,0,1,0,0,0,0,0,0,"- ","- ",39.005828857421875,-123.40232086181641,MENDOCINO,UNINCORPORATED,-123.40632629394531,39.005592346191406
90682568,2018,2018-03-15,9150,2018-03-05,1045,021958,,1,1,3,2303,0,1,3,,1,015,"RT 253",SR-128,18480.00,E,N,A,-,Y,,,,,,,,,,Y,4,0,1,1,A,-,08,22107,,N,E,I,A,A,H,-,A,D,0,,,,,Y,,A,01,0,0,1,0,0,0,0,0,0,"- ","- ",39.019168853759766,-123.31864929199219,MENDOCINO,UKIAH,,
90682660,2018,2018-03-15,9150,2018-02-28,2216,021012,,3,3,9,2300,0,3,5,,2,006,"COMPTCHE UKIAH RD",SR-1,3696.00,E,N,C,-,N,,,,,,,,,,Y,3,0,1,1,A,-,01,23152,A,N,E,I,A,B,H,-,D,D,0,,,,,Y,Y,A,01,0,1,0,0,0,0,0,0,0,"- ","- ",39.297458648681641,-123.78340148925781,MENDOCINO,UNINCORPORATED,-123.78261566162109,39.297565460205078
90682832,2018,2018-03-15,9150,2018-03-11,1410,018977,,7,2,9,2300,0,1,2,,1,031,US-101,"REEVES CANYON RD",15840.00,N,N,A,-,Y,,,,,,,,,,Y,3,0,1,1,A,-,03,22350,,N,E,I,A,A,H,-,A,D,0,,,,,Y,,A,01,0,1,0,0,0,0,0,0,0,"- ","- ",39.0035400390625,-123.29351806640625,MENDOCINO,UNINCORPORATED,-123.2227783203125,39.26190185546875
90682842,2018,2018-03-15,9150,2018-02-28,0740,021958,,3,1,9,2300,0,1,3,,1,037,"SR 20 AT MILE POST MARKER 20.46","IRMULCO RD",30624.00,W,N,B,-,Y,,,20,,,,R,,,Y,3,0,1,1,A,-,03,22350,,N,E,I,A,B,H,-,A,D,0,,,,,Y,,A,01,0,1,0,0,0,0,0,0,0,"- ","- ",39.353401184082031,-123.50937652587891,MENDOCINO,UNINCORPORATED,-123.50937652587891,39.353401184082031
90683079,2018,2018-03-15,9150,2018-03-02,1648,021816,,5,2,9,2300,0,1,3,,2,061,SR-128,"FLYNN CREEK RD",2112.00,W,N,B,-,Y,,,128,,,,,,,Y,4,0,2,1,A,-,08,22107,,N,E,I,A,B,H,-,A,D,0,,,,,Y,,A,01,0,0,2,0,0,0,0,0,0,"- ","- ",39.156681060791016,-123.58669281005859,MENDOCINO,UNINCORPORATED,-123.586669921875,39.156623840332031
90683153,2018,2018-03-15,9126,2018-03-15,0750,020431,,4,1,9,2300,0,1,2,,1,077,US-101,"SLOAN ROAD",3168.00,N,N,B,D,Y,,,101,,,,,,,Y,4,0,1,1,A,-,03,22350,,N,E,I,A,C,H,-,A,D,0,,,,,Y,,A,01,0,0,1,0,0,0,0,0,0,"- ","- ",39.632198333740234,-123.46547698974609,MENDOCINO,UNINCORPORATED,-123.4654541015625,39.632251739501953
90683531,2018,2018-03-16,9150,2018-03-13,1030,016075,,2,1,9,2300,0,1,3,,1,037,"US-101 N/B","RIDGEWOOD RANCH RD.",12672.00,S,N,B,C,Y,,,101,,,,,,N,Y,3,0,2,1,A,-,03,22350,,N,E,I,A,B,H,-,A,D,0,,,,,Y,,A,01,0,1,1,0,0,0,0,0,0,"- ","- ",39.296321868896484,-123.27902984619141,MENDOCINO,UNINCORPORATED,-123.27912139892578,39.296173095703125
90683886,2018,2018-03-16,9150,2018-03-06,1622,022025,,2,2,9,2300,0,1,3,,1,065,SR-20,"JAMES CREEK",7920.00,E,N,A,-,Y,,,20,,,,,,,Y,3,0,2,2,A,-,03,22350,,N,A,C,A,A,H,-,A,D,0,,,,,Y,,E,22,0,2,0,0,0,0,0,0,0,"- ","- ",39.363071441650391,-123.50287628173828,MENDOCINO,UNINCORPORATED,-123.50289154052734,39.363048553466797
90683904,2018,2018-03-16,9150,2018-02-20,0920,021527,,2,1,9,2300,0,3,5,,2,005,SR-1,"JANE LANE",243.00,N,N,A,-,Y,,,1,,,,,,,Y,3,0,1,1,A,-,03,22350,,N,E,I,A,A,H,-,A,D,0,,,,,Y,,A,08,0,1,0,0,0,0,0,0,0,"- ","- ",39.470920562744141,-123.79853057861328,MENDOCINO,UNINCORPORATED,-123.79853057861328,39.470920562744141
90683927,2018,2018-03-16,9126,2018-03-09,1940,022033,,5,2,9,2300,0,1,2,,2,055,US-101,"TEN MILE CREEK ROAD",7.00,S,N,B,-,Y,,,101,,,,,,,Y,4,0,3,2,A,-,09,21801,A,N,A,C,A,A,H,-,D,D,0,,,,,Y,,D,22,0,0,3,0,0,0,0,0,0,"- ","- ",39.701511383056641,-123.48724365234375,MENDOCINO,UNINCORPORATED,-123.48690795898438,39.701629638671875
90683950,2018,2018-03-16,9150,2018-03-03,1839,021972,,6,2,9,2300,0,3,5,,2,006,"SR-1 N/B","OMEGA DR",1056.00,N,N,C,-,Y,,,1,,,,,,N,Y,4,0,1,1,A,-,08,22107,,N,F,A,A,B,H,-,D,D,0,,,,,Y,,D,22,0,0,1,0,0,0,0,0,0,"- ","- ",39.643600463867188,-123.78410339355469,MENDOCINO,UNINCORPORATED,-123.78418731689453,39.643627166748047
90684085,2018,2018-03-19,9150,2018-03-10,0855,020744,,6,1,9,2300,0,3,5,,2,002,"CHABLIS DR.","CARRIGAN LN.",0.00,,Y,A,-,N,,,,,,,,,,Y,2,0,4,2,A,-,09,21802,A,N,D,C,A,A,H,-,A,A,0,,,,,Y,Y,A,07,1,1,2,0,0,0,0,0,0,"- ","- ",39.169109344482422,-123.21897888183594,MENDOCINO,UNINCORPORATED,-123.21900177001953,39.169078826904297
90685876,2018,2018-03-20,9150,2018-03-16,1215,020744,,5,1,9,2300,0,2,4,,2,026,"POTTER VALLEY RD.","HORSESHOE CIR",1700.00,N,N,C,-,N,,,,,,,,,,Y,4,0,1,1,A,-,01,23152,F,N,E,I,A,B,H,-,A,D,0,,,,,Y,,A,01,0,0,1,0,0,0,0,0,0,"- ","- ",39.254291534423828,-123.11782073974609,MENDOCINO,UNINCORPORATED,-123.11895751953125,39.251110076904297
90685938,2017,2018-03-23,9126,2017-12-22,2000,021838,,5,2,9,2300,0,1,2,,2,055,US-101,"SPYROCK ROAD",4594.00,N,N,A,-,Y,,,101,,,,,,,Y,1,1,0,1,A,-,01,23152,F,N,E,I,A,A,H,-,D,D,0,,,,,Y,,A,01,0,0,0,0,0,0,0,0,0,"- ","- ",39.808700000000002,-123.5492,MENDOCINO,UNINCORPORATED,-123.54923524,39.808640050000001
90686102,2018,2018-03-20,9150,2018-02-05,1815,021958,,1,2,9,2300,0,1,2,,1,010,"HWY 101 S/B","MOUNTAIN HOUSE RD",900.00,S,N,A,-,Y,,,,,,,,,,Y,3,0,2,2,A,-,01,23152,A,N,C,C,A,A,H,-,C,D,0,,,,,Y,Y,D,22,0,2,0,0,0,0,0,0,0,"- ","- ",38.967140197753906,-123.11557769775391,MENDOCINO,UNINCORPORATED,-123.11574554443359,38.967727661132812
90686205,2017,2018-03-23,9150,2017-12-11,2500,021804,,1,4,9,2300,0,1,3,,1,037,HWY-20,"IRMULCO RD",2904.00,W,N,B,-,N,,,,,,,,,,Y,1,1,0,1,A,-,08,22107,,N,E,I,A,B,H,-,D,D,0,,,,,Y,,A,07,0,0,0,0,0,0,0,0,0,"- ","- ",39.396619999999999,-123.45093,MENDOCINO,UNINCORPORATED,-123.46559624,39.39348468
90686219,2018,2018-04-13,9150,2018-02-22,2032,021012,,4,2,9,2300,0,3,5,,2,006,"MITCHELL CREEK DR.","TURNER RD.",2534.00,S,N,A,-,N,,,,,,,,,,Y,1,1,0,1,A,-,03,22350,,N,E,I,A,B,H,-,D,D,0,,,,,Y,Y,A,07,0,0,0,0,0,0,0,0,0,"- ","- ",39.378910064697266,-123.17317962646484,MENDOCINO,UNINCORPORATED,-123.77323913574219,39.378902435302734
90686382,2018,2018-03-21,9150,2018-03-11,0900,022025,,7,1,9,2300,0,3,5,,2,006,"LITTLE RIVER-AIRPORT RD",SR-1,5808.00,E,N,A,-,N,,,,,,,,,,Y,3,0,1,1,A,-,01,23152,F,N,E,I,A,A,H,-,A,D,0,,,,,Y,,A,01,0,1,0,0,0,0,0,0,0,"- ","- ",39.27130126953125,-123.76727294921875,MENDOCINO,UNINCORPORATED,-123.76765441894531,39.271408081054688
90686509,2018,2018-03-21,9150,2018-03-18,1505,018977,,7,2,9,2300,0,1,3,,1,037,SR-20,"PEPPERWOOD WAY",81.00,W,N,A,-,Y,,,20,,,,,,,Y,4,0,4,2,A,-,03,22350,,N,C,C,A,A,H,-,A,D,0,,,,,Y,,A,07,0,0,4,0,0,0,0,0,0,"- ","- ",39.405879974365234,-123.36965179443359,MENDOCINO,UNINCORPORATED,-123.36964416503906,39.405857086181641
90686573,2018,2018-04-10,9150,2018-03-04,1452,022025,,7,2,9,2300,0,1,3,,1,064,SR-1,"ROSA LN",39.00,S,N,A,-,Y,,,1,,,,,,,Y,3,0,4,2,A,-,01,23152,A,N,B,C,A,A,H,-,A,D,0,,,,,Y,Y,A,07,0,1,3,0,0,0,0,0,0,"- ","- ",39.519359588623047,-123.76206970214844,MENDOCINO,UNINCORPORATED,-123.76206207275391,39.519359588623047
90687084,2018,2018-03-21,9150,2018-03-11,1305,022018,,7,1,9,2300,0,2,4,,1,023,"SR-20 EAST","POTTER VALLEY RD",0.00,,Y,A,-,Y,,,20,,,,,,,Y,3,0,1,2,A,-,09,21803,B,N,D,C,A,A,H,-,A,D,0,,,,,Y,,A,01,0,1,0,0,0,0,0,0,0,"- ","- ",39.245601654052734,-123.12599945068359,MENDOCINO,UNINCORPORATED,-123.12601470947266,39.245578765869141
90690150,2018,2018-03-26,9150,2018-03-20,0800,021527,,2,1,9,2300,0,3,5,,2,005,"LANSING STREET","UKIAH ST",122.00,N,N,B,-,N,,,,,,,,,,Y,2,0,1,2,A,-,03,22350,,N,G,B,F,B,H,-,A,D,0,Y,,,,Y,,A,07,1,0,0,0,1,0,0,0,0,"- ","- ",39.306690216064453,-123.79866790771484,MENDOCINO,UNINCORPORATED,-123.79864501953125,39.306655883789062
90691871,2018,2018-03-28,9126,2018-03-25,0215,021331,,7,3,9,2300,0,1,3,,2,050,SR-162,"BARNES LANE",2640.00,W,N,D,-,Y,,,162,,,,,,,N,2,0,1,2,A,-,03,22350,,N,C,C,A,C,H,-,D,D,0,,,,,Y,Y,A,01,1,0,0,0,0,0,0,0,0,"- ","- ",39.816780090332031,-123.23689270019531,MENDOCINO,UNINCORPORATED,-123.23688507080078,39.816921234130859
90692050,2018,2018-03-28,9126,2018-03-16,2230,022033,,5,3,9,2300,0,2,4,,2,005,"TABOR LANE","HENDERSON ROAD",0.00,,Y,B,-,N,,,,,,,,,,Y,3,0,4,2,A,-,12,22450,A,N,D,C,A,B,H,-,D,A,0,,,,,Y,,A,07,0,4,0,0,0,0,0,0,0,"- ","- ",39.802558898925781,-123.26701354980469,MENDOCINO,UNINCORPORATED,-123.26702117919922,39.80255126953125
90693133,2018,2018-03-29,9126,2018-03-23,1030,020431,,5,1,9,2300,0,1,3,,2,050,SR-162,"DOS RIOS ROAD",2112.00,W,N,B,C,Y,,,162,,,,,,,Y,3,0,1,1,A,-,03,22350,,N,E,I,A,B,H,-,A,D,0,,,,,Y,,A,01,0,1,0,0,0,0,0,0,0,"- ","- ",39.711891174316406,-123.3526611328125,MENDOCINO,UNINCORPORATED,-123.35265350341797,39.711864471435547
90695857,2018,2018-04-02,9150,2018-03-25,1300,019181,,7,1,9,2300,0,1,3,,1,037,SR-20,"ROAD 100",1267.00,W,N,B,-,Y,,,20,,,,,,,Y,2,0,5,2,A,-,08,22107,,N,A,C,A,B,H,-,A,D,0,,,,,Y,,D,22,2,1,2,0,0,0,0,0,0,"- ","- ",39.359611511230469,-123.50830841064453,MENDOCINO,UNINCORPORATED,-123.50830078125,39.359565734863281
90695867,2018,2018-04-02,9150,2018-03-16,1640,021816,,5,2,9,2300,0,1,2,,2,022,US-101,"CENTRAL AVE OVC",60.00,N,N,F,-,Y,,,101,,,,,,,Y,4,0,1,1,A,-,08,22107,,N,E,I,A,B,H,-,A,D,0,,,,,Y,,A,01,0,0,1,0,0,0,0,0,0,"- ","- ",39.225578308105469,-123.20765686035156,MENDOCINO,UNINCORPORATED,-123.20764923095703,39.225582122802734
90698009,2018,2018-06-20,9150,2018-03-13,0140,021751,,2,3,9,2300,0,3,5,,2,003,"STATE ROUTE 20","HOLLANDS LN",210.00,W,N,C,-,Y,,,,,,,,,,Y,1,1,0,1,A,-,03,22350,,N,E,I,A,B,H,-,D,D,0,,,,,Y,,A,01,0,0,0,0,0,0,0,0,0,"- ","- ",39.377521514892578,-123.33724975585938,MENDOCINO,UNINCORPORATED,,
90698013,2018,2018-04-03,9150,2018-01-30,0515,021659,,2,3,3,2303,0,1,2,,1,012,"US 101 S/B FROM TALMAGE ROAD","TALMAGE RD",22.10,S,N,A,-,Y,,,,,,,,,,N,1,1,0,2,A,-,10,21950,A,F,G,B,D,A,H,-,C,D,0,Y,,,,Y,,D,22,0,0,0,1,0,0,0,0,0,"- ","- ",39.13568115234375,-123.1973876953125,MENDOCINO,UKIAH,-123.19583892822266,39.135879516601562
90698951,2018,2018-04-04,9126,2018-03-25,1730,021838,,7,2,9,2300,0,3,5,,2,555,"CR 308 CANYON ROAD","CARL F. WENTE WAY",220.00,W,N,A,-,N,,,,,,,,,,Y,3,0,1,1,A,-,03,22350,,N,E,I,A,A,H,-,B,D,0,,,,,Y,,A,01,0,1,0,0,0,0,0,0,0,"- ","- ",39.428199768066406,-123.27610778808594,MENDOCINO,UNINCORPORATED,-123.27619934082031,39.428211212158203
90698982,2018,2018-04-04,9150,2018-03-25,0136,021589,,7,3,9,2300,0,1,3,,2,041,SR-128,SR-253,10560.00,E,N,B,C,Y,,,128,,,,,,,Y,4,0,1,1,A,-,01,23152,A,N,E,I,A,B,H,-,D,D,0,,,,,Y,Y,A,01,0,0,1,0,0,0,0,0,0,"- ","- ",38.975650787353516,-123.3453369140625,MENDOCINO,UNINCORPORATED,-123.34531402587891,38.975643157958984
90699160,2018,2018-04-05,9150,2018-03-18,1914,022025,,7,2,9,2300,0,1,3,,1,065,SR-20,"BABCOCK LN",169.00,W,N,B,-,Y,,,20,,,,,,,N,2,0,1,2,A,-,03,22350,,N,E,G,A,A,H,-,B,D,0,,Y,,,Y,,A,01,1,0,0,0,0,0,1,0,0,"- ","- ",39.418228149414062,-123.79637145996094,MENDOCINO,UNINCORPORATED,-123.79634094238281,39.418270111083984
90699332,2018,2018-04-05,9150,2018-03-26,0240,021659,,1,3,9,2300,0,1,2,,1,012,"US 101 S/B","NELSON RANCH ROAD",198.00,N,N,A,-,Y,,,,,,,,,,Y,2,0,1,1,A,-,03,22350,,N,E,H,A,A,H,-,D,D,0,,,,,Y,,A,01,1,0,0,0,0,0,0,0,0,"- ","- ",39.054531097412109,-123.15740966796875,MENDOCINO,UNINCORPORATED,-123.15740203857422,39.054477691650391
90699813,2018,2018-06-27,9150,2018-03-29,1537,022018,,4,2,9,2300,0,3,5,,2,001,SR-128,"WENDLING STREET",250.00,W,N,A,-,Y,,,128,,,,,,,Y,2,0,2,1,A,-,08,22107,,N,E,I,A,A,H,-,A,D,0,,,,,Y,,A,07,1,1,0,0,0,0,0,0,0,"- ","- ",39.153099060058594,-123.54540252685547,MENDOCINO,UNINCORPORATED,-123.54536437988281,39.153144836425781
90699857,2018,2018-04-05,9126,2018-03-28,1745,022033,,3,2,9,2300,0,2,4,,2,070,"SHERWOOD ROAD","BROOKTRAILS DRIVE",15.00,S,N,A,-,N,,,,,,,,,,Y,3,0,1,1,A,-,03,22350,,N,F,A,A,A,H,-,A,D,0,,,Y,,Y,,C,02,0,1,0,0,0,0,0,0,1,"- ","- ",39.434940338134766,-123.37844848632812,MENDOCINO,UNINCORPORATED,-123.37851715087891,39.435192108154297
90699873,2018,2018-04-05,9150,2018-03-23,2057,021804,,5,2,9,2300,0,1,3,,1,015,SR-253,"253 MEN MPM 6.71",603.00,W,N,C,-,Y,,,253,,,,,,,Y,3,0,1,1,A,-,01,23152,A,N,F,A,A,B,H,-,D,D,0,,,,,Y,Y,A,07,0,1,0,0,0,0,0,0,0,"- ","- ",39.032489776611328,-123.27955627441406,MENDOCINO,UNINCORPORATED,-123.27955627441406,39.032489776611328