CASE_ID,ACCIDENT_YEAR,PROC_DATE,JURIS,COLLISION_DATE,COLLISION_TIME,OFFICER_ID,REPORTING_DISTRICT,DAY_OF_WEEK,CHP_SHIFT,POPULATION,CNTY_CITY_LOC,SPECIAL_COND,BEAT_TYPE,CHP_BEAT_TYPE,CITY_DIVISION_LAPD,CHP_BEAT_CLASS,BEAT_NUMBER,PRIMARY_RD,SECONDARY_RD,DISTANCE,DIRECTION,INTERSECTION,WEATHER_1,WEATHER_2,STATE_HWY_IND,CALTRANS_COUNTY,CALTRANS_DISTRICT,STATE_ROUTE,ROUTE_SUFFIX,POSTMILE_PREFIX,POSTMILE,LOCATION_TYPE,RAMP_INTERSECTION,SIDE_OF_HWY,TOW_AWAY,COLLISION_SEVERITY,NUMBER_KILLED,NUMBER_INJURED,PARTY_COUNT,PRIMARY_COLL_FACTOR,PCF_CODE_OF_VIOL,PCF_VIOL_CATEGORY,PCF_VIOLATION,PCF_VIOL_SUBSECTION,HIT_AND_RUN,TYPE_OF_COLLISION,MVIW,PED_ACTION,ROAD_SURFACE,ROAD_COND_1,ROAD_COND_2,LIGHTING,CONTROL_DEVICE,CHP_ROAD_TYPE,PEDESTRIAN_ACCIDENT,BICYCLE_ACCIDENT,MOTORCYCLE_ACCIDENT,TRUCK_ACCIDENT,NOT_PRIVATE_PROPERTY,ALCOHOL_INVOLVED,STWD_VEHTYPE_AT_FAULT,CHP_VEHTYPE_AT_FAULT,COUNT_SEVERE_INJ,COUNT_VISIBLE_INJ,COUNT_COMPLAINT_PAIN,COUNT_PED_KILLED,COUNT_PED_INJURED,COUNT_BICYCLIST_KILLED,COUNT_BICYCLIST_INJURED,COUNT_MC_KILLED,COUNT_MC_INJURED,PRIMARY_RAMP,SECONDARY_RAMP,LATITUDE,LONGITUDE,COUNTY,CITY,POINT_X,POINT_Y
91072729,2019,2019-09-11,9150,2019-09-03,1046,022276,,2,1,9,2300,0,1,3,,1,062,SR-1,"2000 SR-1",500.00,S,N,A,-,Y,,,1,,,,,,,Y,3,0,1,1,A,-,08,22107,,N,F,A,A,A,H,-,A,D,0,,,,,Y,,M,47,0,1,0,0,0,0,0,0,0,"- ","- ",39.203121185302734,-123.76908111572266,MENDOCINO,UNINCORPORATED,-123.76905822753906,39.203117370605469
91072788,2019,2019-09-11,9150,2019-09-06,2100,022165,,5,2,9,2300,0,1,3,,1,037,SR-20,"EXLEY LN",760.00,E,N,A,-,Y,,,,,,,,,,Y,4,0,1,1,A,-,01,23152,A,N,E,I,A,A,H,-,D,D,0,,,,,Y,Y,D,22,0,0,1,0,0,0,0,0,0,"- ","- ",,,MENDOCINO,UNINCORPORATED,,
91076238,2019,2019-09-17,9126,2019-09-07,1645,021846,,6,2,9,2300,0,1,2,,2,011,US-101,"BEAR PEN RD",18480.00,N,N,A,-,Y,,,101,,,,,,,Y,3,0,1,1,A,-,01,23152,A,N,E,I,A,A,H,-,A,D,0,,,,,Y,Y,E,22,0,1,0,0,0,0,0,0,0,"- ","- ",39.913700103759766,-123.75966644287109,MENDOCINO,UNINCORPORATED,-123.75965118408203,39.913749694824219
91077392,2019,2019-09-18,9150,2019-07-07,0042,022156,,7,3,2,2301,0,1,3,,1,062,"SR-1 S/B (SHORELINE HWY 18100 BLOCK)","OCEAN DR.",190.00,N,N,A,-,Y,,,,,,,,,,Y,1,1,0,2,A,-,11,21954,A,N,G,B,D,A,H,-,D,D,0,Y,,,,Y,,N,60,0,0,0,1,0,0,0,0,0,"- ","- ",39.407520294189453,-123.80876159667969,MENDOCINO,"FORT BRAGG",-123.53242492675781,38.770656585693359
91077436,2019,2019-09-18,9150,2019-09-08,0013,021804,,7,3,9,2300,0,1,3,,1,037,"N/B US-101","MARIPOSA CREEK RD",1056.00,S,N,A,-,Y,,,101,,,,,,,Y,2,0,5,1,A,-,01,23153,A,N,E,I,A,A,H,-,E,D,0,,,,,Y,Y,A,01,1,3,1,0,0,0,0,0,0,"- ","- ",39.333358764648438,-123.30397033691406,MENDOCINO,UNINCORPORATED,-123.303955078125,39.333354949951172
91077499,2019,2019-09-18,9150,2019-09-11,0539,021804,,3,3,9,2300,0,1,3,,1,013,"SR-175 W/B","PRATT RANCH RD",1056.00,W,N,A,-,Y,,,,,,,,,,Y,4,0,1,1,C,-,18,,,N,F,A,A,D,H,-,D,D,0,,,Y,,Y,,-,"- ",0,0,1,0,0,0,0,0,1,"- ","- ",38.988109588623047,-123.055908203125,MENDOCINO,UNINCORPORATED,-123.06829833984375,38.978908538818359
91077553,2019,2019-09-18,9150,2019-09-11,0955,015775,,3,1,9,2300,0,1,3,,2,042,SR-128,SR-253,95.00,W,N,A,-,Y,,,128,,,,,,,Y,2,0,3,2,A,-,05,21460,A,N,B,C,A,A,H,-,A,D,0,,,,Y,Y,,A,01,1,1,1,0,0,0,0,0,0,"- ","- ",39.001140594482422,-123.36081695556641,MENDOCINO,UNINCORPORATED,-123.3604736328125,39.001468658447266
91077646,2019,2019-09-18,9150,2019-09-11,2020,022018,,3,2,9,2300,0,1,3,,1,064,SR-1,"OCEAN VIEW DRIVE",1000.00,S,N,A,-,Y,,,1,,,,,,,Y,3,0,1,1,A,-,08,22107,,N,A,I,A,A,H,-,D,D,0,,,,,Y,,A,01,0,1,0,0,0,0,0,0,0,"- ","- ",39.526901245117188,-123.75980377197266,MENDOCINO,UNINCORPORATED,-123.75991821289062,39.526969909667969
91077823,2019,2019-09-18,9126,2019-07-13,0520,020431,,6,3,9,2300,0,1,3,,2,050,SR-162,"EAST LANE",2112.00,E,N,E,-,Y,,,162,,,,,,,N,1,1,0,2,A,-,11,21956,A,N,G,B,E,A,H,-,B,D,0,Y,,,,Y,Y,N,60,0,0,0,1,0,0,0,0,0,"- ","- ",39.801151275634766,-123.24813079833984,MENDOCINO,UNINCORPORATED,-123.24810028076172,39.801151275634766
91077882,2019,2019-09-18,9126,2019-09-12,2010,022033,,4,2,9,2300,0,1,3,,2,050,SR-162,US-101,20064.00,E,N,A,-,Y,,,162,,,,,,,Y,4,0,1,1,A,-,08,22107,,N,E,I,A,A,H,-,D,D,0,,,,,Y,,D,22,0,0,1,0,0,0,0,0,0,"- ","- ",39.583778381347656,-123.38466644287109,MENDOCINO,UNINCORPORATED,-123.38458251953125,39.583728790283203
91080705,2019,2019-09-23,9150,2019-09-19,0937,021589,,4,1,9,2300,0,1,2,,1,012,US-101,"FIRST ST",8.00,N,N,A,-,Y,,,101,,,,,,,Y,3,0,1,3,A,-,08,22107,,N,C,E,A,A,H,-,A,D,0,,,,,Y,,A,01,0,1,0,0,0,0,0,0,0,"- ","- ",38.973808288574219,-123.11598968505859,MENDOCINO,UNINCORPORATED,-123.11604309082031,38.973834991455078
91081585,2019,2019-09-24,9126,2019-09-09,1540,021838,,1,2,9,2300,0,1,2,,1,077,US-101,"HARWOOD ROAD",500.00,S,N,A,-,Y,,,101,,,,,,,Y,2,0,1,2,A,-,05,21650,,N,A,C,A,A,H,-,A,D,0,,,,Y,Y,,A,07,1,0,0,0,0,0,0,0,0,"- ","- ",39.677959442138672,-123.47593688964844,MENDOCINO,UNINCORPORATED,-123.47587585449219,39.677967071533203
91082125,2019,2019-09-24,9126,2019-09-12,1730,022033,,4,2,9,2300,0,1,2,,2,055,US-101,"BRANSCOMB ROAD",4752.00,N,N,A,-,Y,,,101,,,,,,,Y,3,0,1,2,A,-,09,21804,A,N,D,C,A,A,H,-,A,D,0,,,,,Y,,A,01,0,1,0,0,0,0,0,0,0,"- ","- ",39.700748443603516,-123.486572265625,MENDOCINO,UNINCORPORATED,-123.48659515380859,39.700740814208984
91083085,2019,2019-09-25,9126,2019-09-16,1330,021846,,1,1,9,2300,0,1,3,,2,010,SR-1,"WESTSIDE RD",6600.00,N,N,B,-,Y,,,,,,,,,,N,3,0,1,1,A,-,08,22107,,N,H,A,A,B,H,-,A,D,0,,,Y,,Y,,C,02,0,1,0,0,0,0,0,0,1,"- ","- ",39.855949401855469,-123.77430725097656,MENDOCINO,UNINCORPORATED,-123.77552032470703,39.832054138183594
91083573,2019,2019-09-26,9126,2019-09-20,1145,020431,,5,1,9,2300,0,1,2,,2,055,US-101,"WOODRUFF ROAD",9240.00,N,N,A,-,Y,,,101,,,,,,,Y,2,0,1,1,A,-,03,22350,,N,E,I,A,A,H,-,A,D,0,,,Y,,Y,,C,02,1,0,0,0,0,0,0,0,1,"- ","- ",39.74871826171875,-123.53005981445312,MENDOCINO,UNINCORPORATED,-123.53007507324219,39.748687744140625
91083729,2019,2019-09-26,9150,2019-09-19,0905,022170,,4,1,9,2300,0,1,3,,1,037,SR-20,"JAMES CREEK",8448.00,E,N,B,-,Y,,,20,,,,,,,Y,4,0,1,1,A,-,03,22350,,N,E,I,A,B,H,-,A,D,0,,,,,Y,,D,22,0,0,1,0,0,0,0,0,0,"- ","- ",39.346828460693359,-123.5260009765625,MENDOCINO,UNINCORPORATED,-123.5260009765625,39.346847534179688
91085940,2019,2019-09-27,9150,2019-09-21,1900,022150,,6,2,9,2300,0,1,3,,2,061,SR-128,SR-1,26822.00,E,N,A,-,Y,,,128,,,,,,,Y,4,0,1,2,A,-,07,21658,A,N,B,C,A,A,H,-,D,D,0,,,,,Y,Y,A,01,0,0,1,0,0,0,0,0,0,"- ","- ",39.172958374023438,-123.67051696777344,MENDOCINO,UNINCORPORATED,-123.67050933837891,39.172985076904297
91087255,2019,2019-09-30,9126,2019-09-20,1122,022033,,5,1,9,2300,0,2,4,,2,070,"SHERWOOD ROAD","BROOKTRAILS DRIVE",1056.00,N,N,A,-,N,,,,,,,,,,Y,4,0,1,1,A,-,08,22107,,N,E,I,A,A,H,-,A,D,0,,,,,Y,,A,01,0,0,1,0,0,0,0,0,0,"- ","- ",39.439071655273438,-123.38014984130859,MENDOCINO,UNINCORPORATED,-123.37957763671875,39.437992095947266
91088145,2019,2019-10-01,9126,2019-09-25,0210,020886,,3,3,9,2300,0,2,4,,1,001,"BRANSCOMB ROAD","CAHTO PEAK RD",3168.00,W,N,A,-,N,,,,,,,,,,Y,2,0,1,1,A,-,08,22107,,N,E,I,A,A,H,-,D,D,0,,,,,Y,Y,A,08,1,0,0,0,0,0,0,0,0,"- ","- ",39.665729522705078,-123.51679229736328,MENDOCINO,UNINCORPORATED,-123.51678466796875,39.665554046630859
91088692,2019,2019-10-02,9126,2019-09-17,2500,014469,,2,4,9,2300,0,3,5,,2,555,"COUNTY ROAD 237D (TOMKI ROAD)","HEARST-WILLITS ROAD",2112.00,S,N,A,-,N,,,,,,,,,,Y,2,0,1,1,A,-,08,22107,,N,E,I,A,A,H,-,D,D,0,,,,,Y,,D,22,1,0,0,0,0,0,0,0,0,"- ","- ",39.454341888427734,-123.24154663085938,MENDOCINO,UNINCORPORATED,-123.24114227294922,39.452384948730469
91090198,2019,2019-10-03,9150,2019-09-30,1220,014435,,1,1,9,2300,0,3,5,,2,006,SR-1,"CASPER ST",0.00,,Y,A,-,Y,,,1,,,,,,,Y,2,0,2,3,A,-,03,22350,,N,C,C,A,A,H,-,A,D,0,,,,,Y,,D,22,1,0,1,0,0,0,0,0,0,"- ","- ",39.372859954833984,-123.8154296875,MENDOCINO,UNINCORPORATED,-123.81554412841797,39.372806549072266
91090696,2019,2019-10-04,9150,2019-09-25,1511,021527,,3,2,9,2300,0,2,4,,1,023,"NORTH STATE ST","CAROUSEL LN",1056.00,N,N,A,-,N,,,,,,,,,,N,3,0,1,2,A,-,08,22107,,N,D,C,A,A,H,-,A,D,0,,,,,Y,,D,22,0,1,0,0,0,0,0,0,0,"- ","- ",39.203628540039062,-123.20375823974609,MENDOCINO,UNINCORPORATED,-123.20374298095703,39.204128265380859
91092525,2019,2019-10-08,9126,2019-09-28,1430,021846,,6,2,9,2300,0,3,5,,2,111,"USAL ROAD","TIMBER HAUL RD",7920.00,N,N,B,-,N,,,,,,,,,,N,2,0,1,1,A,-,03,22350,,N,E,J,A,A,A,-,A,D,0,,,Y,,Y,,C,02,1,0,0,0,0,0,0,0,1,"- ","- ",39.849418640136719,-123.85115051269531,MENDOCINO,UNINCORPORATED,-123.85111999511719,39.849525451660156
91093087,2019,2019-10-21,9150,2019-09-26,2304,022156,,4,3,9,2300,0,1,3,,1,052,"SR-1 N/B","GIBNEY LN",370.00,S,N,C,-,Y,,,1,,,,,,N,Y,2,0,2,1,A,-,01,23153,A,N,E,I,A,B,H,-,D,D,0,,,,,Y,Y,D,22,1,1,0,0,0,0,0,0,0,"- ","- ",39.382301330566406,-123.81420135498047,MENDOCINO,UNINCORPORATED,-123.81429290771484,39.382331848144531
91093593,2019,2019-10-09,9126,2019-09-30,1225,014469,,1,1,9,2300,0,1,2,,2,055,"US-101 (REDWOOD HIGHWAY)","BURNS FLATS",528.00,N,N,B,-,Y,,,,,,,,,,Y,4,0,1,3,A,-,03,22350,,N,C,C,A,A,H,-,A,D,0,,,,,Y,,A,07,0,0,1,0,0,0,0,0,0,"- ","- ",39.451850891113281,-123.39533233642578,MENDOCINO,UNINCORPORATED,,
91094416,2019,2019-10-10,9150,2019-09-29,0038,022170,,7,3,9,2300,0,1,2,,2,022,"US-101 S/B","REEVES CANYON RD",5808.00,N,N,A,-,Y,,,101,,,,,,S,Y,3,0,1,1,A,-,03,22350,,N,F,I,A,A,H,-,D,D,0,,,Y,,Y,,C,02,0,1,0,0,0,0,0,0,1,"- ","- ",39.289058685302734,-123.26542663574219,MENDOCINO,UNINCORPORATED,-123.26541137695312,39.289081573486328
91094479,2019,2019-10-10,9150,2019-10-04,0750,016075,,5,1,9,2300,0,2,4,,2,025,"BEL ARBES DR.","MENDOCINO CO. LINE",77.00,S,N,A,-,N,,,,,,,,,,Y,4,0,1,1,A,-,08,22107,,N,E,I,A,A,H,-,A,D,0,,,,,Y,,A,01,0,0,1,0,0,0,0,0,0,"- ","- ",39.272090911865234,-123.27867889404297,MENDOCINO,UNINCORPORATED,,
91095073,2019,2019-10-10,9126,2019-10-02,2040,020886,,3,2,9,2300,0,1,2,,2,055,US-101,"SPYROCK RD",5808.00,S,N,A,-,Y,,,101,,,,,,,Y,3,0,1,1,A,-,08,22107,,N,E,I,A,A,H,-,D,D,0,,,,Y,Y,,F,26,0,1,0,0,0,0,0,0,0,"- ","- ",39.781730651855469,-123.54277801513672,MENDOCINO,UNINCORPORATED,-123.54270935058594,39.781723022460938
91096424,2019,2019-10-14,9126,2019-10-05,2045,022033,,6,2,9,2300,0,1,2,,2,055,US-101,"TEN MILE CREEK RD",14256.00,N,N,A,-,Y,,,101,,,,,,,Y,4,0,1,1,C,-,18,,,N,H,H,A,A,H,-,D,D,0,,,,,Y,,-,"- ",0,0,1,0,0,0,0,0,0,"- ","- ",39.735919952392578,-123.51378631591797,MENDOCINO,UNINCORPORATED,-123.51380157470703,39.735919952392578
91096669,2019,2019-10-14,9150,2019-10-05,0148,022170,,6,3,9,2300,0,2,4,,2,025,"COUNTY ROAD D","EAST ROAD",1320.00,E,N,A,-,N,,,,,,,,,,Y,2,0,1,1,A,-,01,23152,A,N,E,I,A,A,H,-,D,D,0,,,,,Y,Y,D,22,1,0,0,0,0,0,0,0,0,"- ","- ",39.267169952392578,-123.20343780517578,MENDOCINO,UNINCORPORATED,-123.20047760009766,39.268623352050781
9109765,2020,2020-11-14,2301,2020-04-25,1251,60,2301,6,5,2,2301,0,0,0,,0,,"RT 1","MADRONE ST",12.00,S,N,A,-,Y,MEN,1,1,-,-,61.210,H,-,S,Y,3,0,3,2,A,-,12,22450,A,N,A,C,A,A,H,-,A,D,0,,,,,Y,,A,07,0,1,2,0,0,0,0,0,0,"- ","- ",,,MENDOCINO,"FORT BRAGG",-123.80599975585938,39.440448760986328
91097675,2019,2019-10-15,9150,2019-10-10,0455,022276,,4,3,9,2300,0,1,3,,1,064,SR-1,"BRANSCOMB RD",440.00,N,N,A,-,Y,,,1,,,,,,,Y,3,0,1,2,A,-,09,21801,A,N,D,C,A,A,H,-,D,D,0,,,,,Y,Y,A,01,0,1,0,0,0,0,0,0,0,"- ","- ",39.658649444580078,-123.78504180908203,MENDOCINO,UNINCORPORATED,-123.78502655029297,39.658653259277344
91098359,2019,2019-10-16,9150,2019-10-06,0400,022156,,7,3,9,2300,0,1,3,,1,065,"SR-20 W/B","PARLIN CAMP ROAD",10507.00,E,N,A,-,Y,,,20,,,,,,W,Y,4,0,1,1,A,-,01,23152,A,M,E,I,A,A,H,-,D,D,0,,,,,Y,Y,A,01,0,0,1,0,0,0,0,0,0,"- ","- ",39.357540130615234,-123.62790679931641,MENDOCINO,UNINCORPORATED,-123.62783813476562,39.357463836669922
91098945,2019,2019-10-16,9150,2019-07-18,2245,021972,,4,3,9,2300,0,1,3,,1,062,"SR-1 N/B","LITTLE LAKE RD",0.00,,Y,A,-,Y,,,1,,,,,,N,N,1,1,0,2,A,-,11,21954,A,F,G,B,D,A,H,-,C,A,0,Y,,,,Y,,N,60,0,0,0,1,0,0,0,0,0,"- ","- ",39.309501647949219,-123.79579925537109,MENDOCINO,UNINCORPORATED,-123.79585266113281,39.309455871582031
91099517,2019,2019-10-17,9150,2019-10-15,0650,015775,,2,1,9,2300,0,1,3,,1,015,"SR-253 TO US-101 SOUTHBOUND",SR-253,0.00,,Y,A,-,Y,,,253,,,,R,,,Y,3,0,1,2,A,-,09,21802,B,F,F,A,A,A,H,-,B,A,0,,,Y,,Y,,-,99,0,1,0,0,0,0,0,0,1,"- ","- ",39.105861663818359,-123.19473266601562,MENDOCINO,UNINCORPORATED,-123.19473266601562,39.105861663818359
91099545,2019,2019-10-17,9150,2019-10-10,1325,022150,,4,1,9,2300,0,1,3,,1,064,SR-1,"31100 N HWY 1",90.00,S,N,A,-,Y,,,1,,,,,,,Y,4,0,1,2,A,-,05,21460,A,N,A,C,A,A,H,-,A,D,0,,,,,Y,,A,01,0,0,1,0,0,0,0,0,0,"- ","- ",39.567310333251953,-123.76560974121094,MENDOCINO,UNINCORPORATED,-123.76560974121094,39.567314147949219
91100106,2019,2019-10-17,9150,2019-10-11,1340,022156,,5,1,9,2300,0,1,3,,1,065,"SR-20 W/B","LITTLE LAKE ROAD (RD. 408)",4541.00,E,N,A,-,Y,,,20,,,,,,W,Y,3,0,1,1,A,-,08,22107,,N,E,I,A,A,G,-,A,D,0,,,,,Y,,A,01,0,1,0,0,0,0,0,0,0,"- ","- ",39.365859985351562,-123.67677307128906,MENDOCINO,UNINCORPORATED,-123.67688751220703,39.365715026855469
91100676,2019,2019-10-18,9126,2019-10-11,0128,020886,,5,3,9,2300,0,1,2,,1,077,"US-101 NORTHBOUND","RIVER DALE MOTEL DR",3168.00,N,N,A,-,Y,,,101,,,,,,N,Y,4,0,1,1,A,-,03,22350,,N,E,I,A,A,H,-,D,D,0,,,,,Y,,A,01,0,0,1,0,0,0,0,0,0,"- ","- ",39.571891784667969,-123.43730163574219,MENDOCINO,UNINCORPORATED,-123.43735504150391,39.571819305419922
91108772,2019,2019-10-29,9126,2019-10-21,0255,021919,,1,3,9,2300,0,1,2,,2,011,US-101,"DORA CREEK BRIDGE (10-0264)",220.00,S,N,A,-,Y,,,101,,,,,,,Y,3,0,1,1,A,-,01,23152,A,N,E,I,A,A,H,-,D,D,0,,,,,Y,Y,A,01,0,1,0,0,0,0,0,0,0,"- ","- ",39.898128509521484,-123.75081634521484,MENDOCINO,UNINCORPORATED,-123.75074768066406,39.898170471191406
91109359,2019,2019-10-29,9126,2019-10-17,0630,022033,,4,1,9,2300,0,1,3,,2,050,SR-162,"DOS RIOS ROAD",12989.00,E,N,B,-,Y,,,162,,,,,,,Y,2,0,2,1,A,-,08,22107,,N,E,I,A,A,H,-,A,D,0,,,,,Y,,D,22,1,0,1,0,0,0,0,0,0,"- ","- ",39.712799072265625,-123.31300354003906,MENDOCINO,UNINCORPORATED,-123.31300354003906,39.712844848632812
91109861,2019,2019-10-30,9150,2019-10-18,0700,022165,,5,1,9,2300,0,1,3,,1,037,"SR-20 W/B","IRMULCO RD",14256.00,E,N,E,-,Y,,,20,,,,,,W,Y,2,0,1,1,A,-,08,22107,,N,E,I,A,B,H,-,B,D,0,,,,,Y,,A,07,1,0,0,0,0,0,0,0,0,"- ","- ",39.391410827636719,-123.41622924804688,MENDOCINO,UNINCORPORATED,-123.41622924804688,39.391357421875
91109898,2019,2019-10-30,9150,2019-10-19,1503,022060,,6,2,9,2300,0,1,3,,2,061,SR-128,"FLYNN CREEK RD",13200.00,W,N,A,-,Y,,,128,,,,,,,Y,2,0,3,1,A,-,03,22350,,N,E,I,A,B,H,-,A,D,0,,,,,Y,,A,01,1,0,2,0,0,0,0,0,0,"- ","- ",39.156078338623047,-123.626708984375,MENDOCINO,UNINCORPORATED,-123.62669372558594,39.155845642089844
91110075,2019,2019-10-30,9150,2019-10-21,1300,021972,,1,1,9,2300,0,1,3,,1,052,"SR-1 N/B",1MEN35.31,377.00,S,N,A,-,Y,,,1,,,,,,N,Y,3,0,1,2,A,-,09,21801,A,N,D,C,A,A,H,-,A,D,0,,,,,Y,,A,01,0,1,0,0,0,0,0,0,0,"- ","- ",39.141899108886719,-123.72879791259766,MENDOCINO,UNINCORPORATED,-123.72879791259766,39.141914367675781
91110132,2019,2019-10-30,9126,2019-10-19,1020,022033,,6,1,9,2300,0,1,3,,2,050,SR-162,"COAL MINE ROAD",10771.00,W,N,B,-,Y,,,162,,,,,,,Y,4,0,1,1,A,-,08,22107,,N,E,I,A,A,H,-,A,D,0,,,,,Y,,D,22,0,0,1,0,0,0,0,0,0,"- ","- ",39.711341857910156,-123.30030822753906,MENDOCINO,UNINCORPORATED,-123.30038452148438,39.711174011230469
91110272,2019,2019-10-30,9150,2019-10-23,2021,022359,,3,2,9,2300,0,2,4,,2,026,"EASTSIDE POTTER VALLEY ROAD",SR-20,494.00,N,N,A,-,N,,,,,,,,,,N,4,0,1,2,A,-,01,23152,A,F,C,C,A,A,H,-,D,D,0,,,,,Y,Y,A,07,0,0,1,0,0,0,0,0,0,"- ","- ",39.246200561523438,-123.12422943115234,MENDOCINO,UNINCORPORATED,-123.12424468994141,39.246231079101562
91111082,2019,2019-10-31,9150,2019-10-17,1451,021890,,4,2,9,2300,0,2,4,,2,025,"CENTRAL AVE","MOORE ST",2112.00,N,N,A,-,N,,,,,,,,,,Y,2,0,2,2,A,-,01,23152,A,N,B,C,A,A,H,-,A,D,0,,,Y,,Y,Y,C,02,1,1,0,0,0,0,0,0,1,"- ","- ",39.24163818359375,-123.20880889892578,MENDOCINO,UNINCORPORATED,-123.2093505859375,39.24005126953125
91111845,2019,2019-11-01,9126,2019-10-22,1450,022420,,2,2,9,2300,0,1,2,,1,077,US-101,"RYAN CREEK RD",528.00,S,N,A,-,Y,,,101,,,,,,,Y,3,0,3,3,A,-,03,22350,,N,C,C,A,A,H,-,A,D,0,,,,,Y,Y,A,07,0,1,2,0,0,0,0,0,0,"- ","- ",39.481170654296875,-123.362060546875,MENDOCINO,UNINCORPORATED,-123.36211395263672,39.481197357177734
91111867,2019,2019-11-01,9126,2019-10-22,2035,022420,,2,2,9,2300,0,1,2,,1,077,US-101,"RIVERDALE MOTEL ROAD",4066.00,N,N,A,-,Y,,,101,,,,,,,Y,3,0,1,1,A,-,08,22107,,N,E,I,A,A,H,-,D,D,0,,,,,Y,Y,A,01,0,1,0,0,0,0,0,0,0,"- ","- ",39.574821472167969,-123.43881225585938,MENDOCINO,UNINCORPORATED,-123.43873596191406,39.574844360351562
91112755,2019,2019-11-04,9150,2019-10-25,1410,022165,,5,2,9,2300,0,1,2,,2,021,"US-101 S/B","PRESSWOOD OVERHEAD",120.00,S,N,A,-,Y,,,101,,,,,,S,Y,3,0,3,2,A,-,07,21658,A,N,B,C,A,A,H,-,A,D,0,,,,Y,Y,,F,26,0,3,0,0,0,0,0,0,0,"- ","- ",39.168010711669922,-123.20636749267578,MENDOCINO,UNINCORPORATED,-123.20639038085938,39.16796875
91113033,2019,2019-11-04,9150,2019-10-27,1355,016075,,7,1,9,2300,0,1,2,,2,022,"US-101 N/B TO MOORE ST.","MOORE ST.",16.00,S,N,A,-,Y,,,101,,,,R,,N,N,4,0,1,2,A,-,03,22350,,N,C,C,A,A,H,-,A,D,0,,,,,Y,,D,22,0,0,1,0,0,0,0,0,0,"- ","- ",39.234241485595703,-123.20738220214844,MENDOCINO,UNINCORPORATED,-123.20738220214844,39.234241485595703
91113759,2019,2019-11-08,9150,2019-10-28,1606,018977,,1,2,9,2300,0,1,2,,1,012,US-101,"COUNTY ROAD 112A",528.00,S,N,A,-,Y,,,101,,,,,,,Y,3,0,1,2,A,-,05,21460,A,N,B,C,A,A,H,-,A,D,0,,,,Y,Y,,A,01,0,1,0,0,0,0,0,0,0,"- ","- ",39.002269744873047,-123.11871337890625,MENDOCINO,UNINCORPORATED,-123.11872863769531,39.00225830078125
91113891,2019,2019-11-05,9150,2019-10-30,2208,022276,,3,3,9,2300,0,1,3,,1,051,SR-1,"31701 HWY 1",234.00,S,N,A,-,Y,,,1,,,,,,,Y,4,0,1,1,A,-,08,22107,,N,F,A,A,A,H,-,D,D,0,,,,,Y,,D,22,0,0,1,0,0,0,0,0,0,"- ","- ",38.834419250488281,-123.62644958496094,MENDOCINO,UNINCORPORATED,-123.62649536132812,38.834396362304688
91113992,2019,2019-11-05,9150,2019-10-31,1905,022150,,4,2,9,2300,0,3,5,,2,005,"OLD STAGE RD","PACIFIC WOODS RD",0.00,,Y,A,-,N,,,,,,,,,,Y,4,0,1,1,A,-,03,22350,,N,E,I,A,A,H,-,D,D,0,,,,,Y,,D,22,0,0,1,0,0,0,0,0,0,"- ","- ",38.788619995117188,-123.52301788330078,MENDOCINO,UNINCORPORATED,-123.52297973632812,38.788631439208984
91118324,2019,2019-11-12,9150,2019-10-29,2152,018977,,2,2,9,2300,0,3,5,,2,002,"BABCOCK LN","TALMAGE RD",1840.00,N,N,A,-,N,,,,,,,,,,Y,4,0,1,2,A,-,04,21703,,N,C,C,A,A,H,-,D,D,0,,,,,Y,,A,01,0,0,1,0,0,0,0,0,0,"- ","- ",39.139759063720703,-123.19069671630859,MENDOCINO,UNINCORPORATED,-123.19068145751953,39.13970947265625
91118584,2019,2019-11-12,9150,2019-11-01,1744,022359,,5,2,9,2300,0,1,2,,2,021,"US-101 S/B","PERKINS STREET",90.00,S,N,A,-,Y,,,101,,,,,,S,Y,3,0,5,2,A,-,01,23152,F,N,C,C,A,A,H,-,A,D,0,,,,,Y,,A,01,0,5,0,0,0,0,0,0,0,"- ","- ",39.151321411132812,-123.19703674316406,MENDOCINO,UNINCORPORATED,-123.19695281982422,39.151325225830078
91119209,2019,2019-11-13,9150,2019-11-07,0925,015775,,4,1,9,2300,0,1,3,,2,042,SR-128,"BLATTNER RD",0.00,,N,A,-,Y,,,128,,,,,,,Y,2,0,1,1,A,-,08,22107,,N,E,I,A,A,H,-,A,D,0,,,,,Y,,D,22,1,0,0,0,0,0,0,0,0,"- ","- ",39.067600250244141,-123.45240020751953,MENDOCINO,UNINCORPORATED,-123.45238494873047,39.067623138427734