CASE_ID,ACCIDENT_YEAR,PROC_DATE,JURIS,COLLISION_DATE,COLLISION_TIME,OFFICER_ID,REPORTING_DISTRICT,DAY_OF_WEEK,CHP_SHIFT,POPULATION,CNTY_CITY_LOC,SPECIAL_COND,BEAT_TYPE,CHP_BEAT_TYPE,CITY_DIVISION_LAPD,CHP_BEAT_CLASS,BEAT_NUMBER,PRIMARY_RD,SECONDARY_RD,DISTANCE,DIRECTION,INTERSECTION,WEATHER_1,WEATHER_2,STATE_HWY_IND,CALTRANS_COUNTY,CALTRANS_DISTRICT,STATE_ROUTE,ROUTE_SUFFIX,POSTMILE_PREFIX,POSTMILE,LOCATION_TYPE,RAMP_INTERSECTION,SIDE_OF_HWY,TOW_AWAY,COLLISION_SEVERITY,NUMBER_KILLED,NUMBER_INJURED,PARTY_COUNT,PRIMARY_COLL_FACTOR,PCF_CODE_OF_VIOL,PCF_VIOL_CATEGORY,PCF_VIOLATION,PCF_VIOL_SUBSECTION,HIT_AND_RUN,TYPE_OF_COLLISION,MVIW,PED_ACTION,ROAD_SURFACE,ROAD_COND_1,ROAD_COND_2,LIGHTING,CONTROL_DEVICE,CHP_ROAD_TYPE,PEDESTRIAN_ACCIDENT,BICYCLE_ACCIDENT,MOTORCYCLE_ACCIDENT,TRUCK_ACCIDENT,NOT_PRIVATE_PROPERTY,ALCOHOL_INVOLVED,STWD_VEHTYPE_AT_FAULT,CHP_VEHTYPE_AT_FAULT,COUNT_SEVERE_INJ,COUNT_VISIBLE_INJ,COUNT_COMPLAINT_PAIN,COUNT_PED_KILLED,COUNT_PED_INJURED,COUNT_BICYCLIST_KILLED,COUNT_BICYCLIST_INJURED,COUNT_MC_KILLED,COUNT_MC_INJURED,PRIMARY_RAMP,SECONDARY_RAMP,LATITUDE,LONGITUDE,COUNTY,CITY,POINT_X,POINT_Y
91406220,2021,2021-02-10,9150,2021-02-04,1614,022557,,4,2,9,2300,0,1,3,,1,037,SR-20,"DON PEDRO RANCH RD.",2640.00,W,N,A,-,Y,,,20,,,,,,,N,4,0,1,1,A,-,01,23152,A,N,E,I,A,A,H,-,A,D,0,,,,,Y,Y,A,01,0,0,1,0,0,0,0,0,0,"- ","- ",39.390960693359375,-123.41739654541016,MENDOCINO,UNINCORPORATED,-123.4173583984375,39.390907287597656
91409794,2021,2021-02-17,9150,2021-02-08,0540,022359,,1,3,9,2300,0,1,3,,1,065,SR-20,"VERONICA LN",470.00,W,N,A,-,Y,,,20,,,,,,,N,3,0,1,2,A,-,08,22107,,F,B,C,A,A,H,-,C,D,0,,,,,Y,,D,22,0,1,0,0,0,0,0,0,0,"- ","- ",39.415439605712891,-123.78558349609375,MENDOCINO,UNINCORPORATED,-123.78557586669922,39.415412902832031
91410045,2021,2021-02-17,9126,2021-02-03,1645,022420,,3,2,9,2300,0,3,5,,2,555,"CANYON ROAD","EAST LANE",528.00,E,N,A,-,N,,,,,,,,,,Y,3,0,1,1,A,-,01,23152,A,N,E,I,A,A,H,-,B,D,0,,,,,Y,Y,A,07,0,1,0,0,0,0,0,0,0,"- ","- ",39.424999237060547,-123.29892730712891,MENDOCINO,UNINCORPORATED,-123.19558715820312,39.245796203613281
91410133,2021,2021-02-17,9126,2021-02-05,2055,022420,,5,2,9,2300,0,2,4,,2,005,"OAK LANE","BIGGAR LANE",70.00,E,N,A,-,N,,,,,,,,,,N,2,0,2,1,A,-,08,22107,,N,E,I,A,B,H,-,D,D,0,,,,,Y,,A,07,1,1,0,0,0,0,0,0,0,"- ","- ",39.810371398925781,-123.26715087890625,MENDOCINO,UNINCORPORATED,-123.26706695556641,39.813480377197266
91411128,2021,2021-02-18,9150,2021-02-12,0345,021972,,5,3,9,2300,0,3,5,,2,003,"RIDGEWOOD RD","LAKEWOOD DR",232.00,S,N,C,-,N,,,,,,,,,,Y,2,0,1,1,A,-,08,22107,,M,E,I,A,B,H,-,D,D,0,,,,,Y,,A,01,1,0,0,0,0,0,0,0,0,"- ","- ",39.372600555419922,-123.27619934082031,MENDOCINO,UNINCORPORATED,-123.27608489990234,39.372829437255859
91411992,2021,2021-02-19,9126,2021-02-09,1220,022460,,2,1,9,2300,0,1,2,,2,011,US-101,"SR-271 CUMMINGS UNDERCROSS",4224.00,S,N,A,-,Y,,,101,,,,,,,Y,2,0,2,2,A,-,09,21804,A,N,D,C,A,A,H,-,A,D,0,,,,,Y,,B,01,1,1,0,0,0,0,0,0,0,"- ","- ",39.830448150634766,-123.61515808105469,MENDOCINO,UNINCORPORATED,-123.61515045166016,39.830528259277344
91413048,2021,2021-02-22,9150,2021-02-12,0550,021972,,5,3,9,2300,0,3,5,,2,003,"MEADOWBROOK DR","DELLA AVE",75.00,S,N,A,-,N,,,,,,,,,,Y,3,0,1,2,A,-,08,22107,,N,A,E,A,B,H,-,D,A,0,,,,,Y,,D,22,0,1,0,0,0,0,0,0,0,"- ","- ",39.397300720214844,-123.36000061035156,MENDOCINO,UNINCORPORATED,-123.36008453369141,39.397415161132812
91413756,2021,2021-02-23,9150,2021-02-16,1903,021527,,2,2,9,2300,0,2,4,,1,023,"NORTH STATE ST","CENTRAL AVE",15.00,S,N,A,-,N,,,,,,,,,,N,4,0,1,2,A,-,03,22350,,N,C,C,A,A,H,-,D,D,0,,,,,Y,,A,01,0,0,1,0,0,0,0,0,0,"- ","- ",39.225128173828125,-123.20374298095703,MENDOCINO,UNINCORPORATED,-123.20368957519531,39.225242614746094
91413758,2021,2021-02-23,9126,2021-02-11,0105,020886,,4,3,9,2300,0,3,5,,2,555,"POONKINNEY RD",SR-162,3960.00,W,N,B,-,N,,,,,,,,,,N,3,0,1,1,A,-,01,23152,A,N,E,I,A,A,H,-,D,D,0,,,,,Y,Y,D,22,0,1,0,0,0,0,0,0,0,"- ","- ",39.755329132080078,-123.25868225097656,MENDOCINO,UNINCORPORATED,-123.25786590576172,39.755790710449219
91413846,2021,2021-02-23,9150,2021-02-19,0830,022557,,5,1,9,2300,0,1,3,,1,024,SR-20,"COUNTY ROAD 144",50.00,W,N,B,-,Y,,,20,,,,,,,Y,4,0,1,2,A,-,08,22107,,N,D,C,A,B,H,-,A,D,0,,,,,Y,,A,01,0,0,1,0,0,0,0,0,0,"- ","- ",39.242668151855469,-123.19595336914062,MENDOCINO,UNINCORPORATED,-123.19596099853516,39.242652893066406
91413857,2021,2021-02-23,9150,2021-02-20,1305,016075,,6,1,9,2300,0,3,5,,2,003,"WALKER RD.",SR-20,68.00,W,N,A,-,N,,,,,,,,,,N,4,0,2,1,A,-,03,22350,,N,E,I,A,A,H,-,A,D,0,,,,,Y,,A,01,0,0,2,0,0,0,0,0,0,"- ","- ",39.375740051269531,-123.33264923095703,MENDOCINO,UNINCORPORATED,-123.33274841308594,39.375873565673828
91413866,2021,2021-02-23,9150,2021-02-20,0330,022150,,6,3,9,2300,0,1,3,,1,051,SR-1,"PACIFIC WOODS RD",1136.00,N,N,A,-,Y,,,1,,,,,,,Y,4,0,1,1,A,-,08,22107,,N,F,I,A,B,H,-,D,D,0,,,,,Y,,A,07,0,0,1,0,0,0,0,0,0,"- ","- ",38.778770446777344,-123.54216766357422,MENDOCINO,UNINCORPORATED,-123.54218292236328,38.77874755859375
91414255,2020,2021-02-24,9126,2020-11-30,1150,021836,,1,1,9,2300,0,1,2,,2,011,US-101,"ROSEWARNE ROAD",9504.00,S,N,B,-,Y,,,101,,,,,,,Y,2,0,3,1,A,-,08,22107,,F,E,I,A,B,H,-,A,D,0,,,,,Y,,A,08,2,1,0,0,0,0,0,0,0,"- ","- ",39.909549713134766,-123.75763702392578,MENDOCINO,UNINCORPORATED,-123.75761413574219,39.909534454345703
91414310,2021,2021-02-24,9150,2021-02-17,1740,022060,,3,2,9,2300,0,3,5,,2,006,"NORTH HARBOR DR","DOCK ST",650.00,N,N,A,-,N,,,,,,,,,,N,2,0,1,1,A,-,08,22107,,N,H,A,A,A,H,-,A,D,0,,,Y,,Y,,C,02,1,0,0,0,0,0,0,0,1,"- ","- ",39.428089141845703,-123.80532836914062,MENDOCINO,UNINCORPORATED,,
91414778,2021,2021-02-24,9126,2021-01-12,0020,014469,,2,3,9,2300,0,1,2,,1,077,"COUNTY ROAD 337H (CRAWFORD ROAD)","C/R 337D",471.00,N,N,B,-,N,,,,,,,,,,Y,2,0,2,1,A,-,01,23152,G,N,E,I,A,A,H,-,D,D,0,,,,,Y,Y,A,01,1,0,1,0,0,0,0,0,0,"- ","- ",39.818450927734375,-123.26233673095703,MENDOCINO,UNINCORPORATED,-123.262334,39.818401000000001
9141864,2020,2020-11-30,2301,2020-07-27,1221,64,2301,1,5,2,2301,0,0,0,,0,,"BUSH ST","MAIN ST",0.00,,Y,A,-,Y,MEN,1,1,-,-,61.800,H,-,N,Y,3,0,2,5,-,-,"- ",,,N,C,C,A,A,H,-,A,A,0,,,,Y,Y,,-,"- ",0,1,1,0,0,0,0,0,0,"- ","- ",,,MENDOCINO,"FORT BRAGG",-123.80592346191406,39.448986053466797
91418814,2021,2021-03-02,9150,2021-02-19,2236,022170,,5,3,9,2300,0,1,3,,2,041,SR-128,"HULBERT RD",1030.00,W,N,C,-,Y,,,128,,,,,,,Y,3,0,1,1,A,-,01,23152,A,N,E,I,A,B,H,-,D,D,0,,,,,Y,Y,D,22,0,1,0,0,0,0,0,0,0,"- ","- ",38.908111572265625,-123.23648834228516,MENDOCINO,UNINCORPORATED,-123.23649597167969,38.908077239990234
9141890,2020,2020-11-25,2301,2020-07-28,1246,51,2301,2,5,2,2301,0,0,0,,0,001,"RT 1","E ELM ST",0.00,,Y,A,-,Y,MEN,1,1,-,-,62.000,H,-,S,N,4,0,1,2,A,-,03,22350,,M,C,C,A,A,H,-,A,A,0,,,,,Y,,A,01,0,0,1,0,0,0,0,0,0,"- ","- ",,,MENDOCINO,"FORT BRAGG",-123.80591583251953,39.451900482177734
91419014,2021,2021-03-02,9150,2021-02-20,1845,022276,,6,2,9,2300,0,3,5,,2,006,"ALBION RIDGE RD","28241 ALBION RIDGE RD",124.00,W,N,A,-,N,,,,,,,,,,Y,4,0,1,1,A,-,01,23152,A,N,E,I,A,A,H,-,D,D,0,,,,,Y,Y,A,08,0,0,1,0,0,0,0,0,0,"- ","- ",39.222309112548828,-123.76998901367188,MENDOCINO,UNINCORPORATED,,
91419070,2021,2021-03-02,9150,2021-02-22,2121,022060,,1,2,9,2300,0,1,3,,1,065,SR-20,"ROAD 350",7392.00,E,N,A,-,Y,,,20,,,,,,,Y,3,0,1,1,A,-,03,22350,,N,E,I,A,A,H,-,D,D,0,,,Y,,Y,,C,02,0,1,0,0,0,0,0,0,1,"- ","- ",39.385330200195312,-123.69859313964844,MENDOCINO,UNINCORPORATED,-123.69857788085938,39.385303497314453
91419319,2021,2021-03-02,9150,2021-02-24,1240,022276,,3,1,2,2301,0,1,3,,1,064,SR-1,"LITTLE VALLEY RD",0.00,,Y,A,-,Y,,,,,,,,,,Y,3,0,1,2,A,-,12,22450,A,N,D,C,A,A,H,-,A,D,0,,,,,Y,,A,01,0,1,0,0,0,0,0,0,0,"- ","- ",39.507431030273438,-123.76589202880859,MENDOCINO,"FORT BRAGG",-123.76586151123047,39.507469177246094
9141994,2020,2020-11-30,2301,2020-07-16,1640,64,2301,4,5,2,2301,0,0,0,,0,,"RT 20","TRAILER COVE",0.00,,Y,A,-,Y,MEN,1,20,-,R,0.210,H,-,W,N,4,0,1,2,A,-,09,21803,A,F,H,G,A,A,H,-,A,A,0,,Y,,,Y,,A,08,0,0,1,0,0,0,1,0,0,"- ","- ",,,MENDOCINO,"FORT BRAGG",-123.80414581298828,39.419460296630859
91420013,2021,2021-03-03,9150,2021-02-24,1100,022150,,3,1,9,2300,0,1,3,,1,064,SR-1,"PARKVIEW DR",0.00,,Y,A,-,Y,,,1,,,,,,,Y,2,0,2,2,A,-,08,22107,,N,B,C,A,A,H,-,A,D,0,,,,,Y,,A,01,1,0,1,0,0,0,0,0,0,"- ","- ",39.486900329589844,-123.78794860839844,MENDOCINO,UNINCORPORATED,-123.7879638671875,39.486911773681641
91421623,2021,2021-03-05,9150,2021-03-04,0810,021972,,4,1,9,2300,0,3,5,,2,002,"LOVERS LN","FEED LOT RD",16.00,N,N,A,-,N,,,,,,,,,,Y,2,0,1,1,A,-,08,22107,,N,A,I,A,A,H,-,A,D,0,,,,,Y,,A,07,1,0,0,0,0,0,0,0,0,"- ","- ",39.171489715576172,-123.21256256103516,MENDOCINO,UNINCORPORATED,-123.21219635009766,39.170848846435547
91422506,2021,2021-03-08,9150,2021-03-01,1232,022046,,1,1,2,2304,0,1,2,,1,031,"BLACKHAWK DR","3106 BLACKHAWK DR",50.00,E,N,A,-,N,,,,,,,,,,Y,3,0,1,1,A,-,08,22107,,N,E,I,A,A,H,-,A,D,0,,,,,Y,,A,07,0,1,0,0,0,0,0,0,0,"- ","- ",39.34661865234375,-123.35311126708984,MENDOCINO,WILLITS,,
91422873,2021,2021-03-08,9150,2021-03-05,1030,022150,,5,1,9,2300,0,1,3,,1,051,SR-1,"PACIFIC WOODS RD",1150.00,N,N,A,-,Y,,,1,,,,,,,Y,3,0,1,1,A,-,08,22107,,N,E,I,A,A,H,-,A,D,0,,,,,Y,,A,01,0,1,0,0,0,0,0,0,0,"- ","- ",38.778770446777344,-123.54216766357422,MENDOCINO,UNINCORPORATED,-123.54218292236328,38.77874755859375
91422905,2020,2021-03-08,9150,2020-11-21,1413,021972,,6,2,9,2300,0,2,4,,2,014,"OLD RIVER ROAD S/B",201MEN10.22,22.00,S,N,A,-,N,,,,,,,,,,Y,1,1,1,1,A,-,03,22350,,F,E,I,A,A,H,-,A,A,0,,,Y,,Y,,C,02,1,0,0,0,0,0,0,1,1,"- ","- ",39.075801849365234,-123.16020202636719,MENDOCINO,UNINCORPORATED,,
91423709,2021,2021-03-09,9126,2021-03-01,2051,022449,,1,2,9,2300,0,3,5,,2,555,"CANYON ROAD (COUNTY ROAD 308)","EASTSIDE ROAD",4752.00,E,N,A,-,N,,,,,,,,,,Y,3,0,1,1,A,-,01,23152,A,N,F,A,A,A,H,-,D,D,0,,,,,Y,Y,A,01,0,1,0,0,0,0,0,0,0,"- ","- ",39.426139831542969,-123.28655242919922,MENDOCINO,UNINCORPORATED,-123.28829956054688,39.427322387695312
91424419,2021,2021-03-10,9150,2021-03-08,1624,021444,,1,2,9,2300,0,1,2,,1,031,US-101,"RIDGEWOOD RANCH ROAD",400.00,N,N,C,-,Y,,,101,,,,,,,Y,3,0,1,1,A,-,03,22350,,N,E,I,A,B,H,-,A,D,0,,,,,Y,,A,01,0,1,0,0,0,0,0,0,0,"- ","- ",39.325069427490234,-123.30126190185547,MENDOCINO,UNINCORPORATED,-123.30131530761719,39.325061798095703
91424593,2021,2021-03-10,9126,2021-03-07,0501,014469,,7,3,9,2300,0,1,3,,2,050,"SR-162 (COVELO ROAD)","CORRAL CREEK",2112.00,W,N,A,-,Y,,,162,,,,,,,Y,4,0,2,1,A,-,08,22107,,N,E,I,A,A,H,-,D,D,0,,,,,Y,,A,07,0,0,2,0,0,0,0,0,0,"- ","- ",39.562538146972656,-123.40302276611328,MENDOCINO,UNINCORPORATED,-123.40299224853516,39.562526702880859
91425134,2021,2021-03-11,9150,2021-03-07,1130,022060,,7,1,9,2300,0,1,3,,2,061,SR-128,SR-1,2640.00,E,N,A,-,Y,,,128,,,,,,,Y,2,0,1,1,A,-,08,22107,,N,F,A,A,A,H,-,A,D,0,,,,,Y,,A,01,1,0,0,0,0,0,0,0,0,"- ","- ",39.194011688232422,-123.73896789550781,MENDOCINO,UNINCORPORATED,-123.73896789550781,39.194011688232422
91425618,2021,2021-03-11,9126,2021-03-03,1515,022449,,3,2,9,2300,0,2,4,,2,005,"MINA ROAD (COUNTY ROAD 336)","AGENCY ROAD (CR 344)",10560.00,N,N,A,-,N,,,,,,,,,,N,3,0,2,1,A,-,08,22107,,N,F,A,A,A,H,-,A,D,0,,,Y,,Y,,C,06,0,2,0,0,0,0,0,0,2,"- ","- ",39.849998474121094,-123.26323699951172,MENDOCINO,UNINCORPORATED,-123.26207733154297,39.848888397216797
91425952,2021,2021-03-12,9126,2021-03-08,1655,022449,,1,2,9,2300,0,1,3,,2,050,SR-162,"POONKINNEY ROAD",13200.00,W,N,B,-,Y,,,162,,,,,,,Y,4,0,1,1,A,-,08,22107,,N,E,I,A,B,H,-,A,D,0,,,,,Y,,B,07,0,0,1,0,0,0,0,0,0,"- ","- ",39.732410430908203,-123.25578308105469,MENDOCINO,UNINCORPORATED,-123.25576019287109,39.732421875
91427088,2021,2021-03-15,9150,2021-03-08,1545,022216,,1,2,9,2300,0,1,2,,1,031,US-101,"HOWARD FOREST CDF",1021.00,N,N,C,-,Y,,,101,,,,,,,Y,4,0,1,2,A,-,03,22350,,N,A,C,A,B,H,-,A,D,0,,,,,Y,,A,01,0,0,1,0,0,0,0,0,0,"- ","- ",39.347301483154297,-123.32129669189453,MENDOCINO,UNINCORPORATED,-123.32129669189453,39.347301483154297
91429906,2021,2021-03-18,9126,2021-03-09,1450,022449,,2,2,9,2300,0,1,2,,1,077,US-101,"BRANSCOMB ROAD",0.00,,Y,B,-,Y,,,101,,,,,,,Y,3,0,2,2,A,-,09,21802,A,N,D,C,A,B,H,-,A,A,0,,,,,Y,,A,07,0,1,1,0,0,0,0,0,0,"- ","- ",39.687839508056641,-123.48312377929688,MENDOCINO,UNINCORPORATED,-123.48313140869141,39.687839508056641
91433092,2020,2021-03-23,9126,2020-10-10,2245,022420,,6,3,9,2300,0,1,3,,2,050,SR-162,"BIGGAR LANE",110.00,W,N,A,-,Y,,,162,,,,,,,Y,1,1,0,1,A,-,01,23152,G,N,E,I,A,A,H,-,D,D,0,,,,,Y,Y,D,22,0,0,0,0,0,0,0,0,0,"- ","- ",39.809680938720703,-123.24803161621094,MENDOCINO,UNINCORPORATED,-123.24810028076172,39.809680938720703
91434479,2021,2021-03-24,9150,2021-03-15,1115,022156,,1,1,9,2300,0,3,5,,2,006,"LITTLE RIVER AIRPORT RD.","COMPTCHE UKIAH RD",6336.00,S,N,B,-,N,,,,,,,,,,Y,3,0,1,1,A,-,03,22350,,N,E,I,A,B,H,-,D,D,0,,,,,Y,,A,07,0,1,0,0,0,0,0,0,0,"- ","- ",39.267768859863281,-123.70912170410156,MENDOCINO,UNINCORPORATED,-123.70838928222656,39.266841888427734
91434556,2021,2021-03-24,9126,2021-03-18,1040,021836,,4,1,9,2300,0,3,5,,2,555,"HEARST WILLITS ROAD","FOSTER MOUNTAIN ROAD",4224.00,N,N,C,-,N,,,,,,,,,,Y,3,0,1,1,A,-,03,22350,,N,F,A,A,D,H,-,A,D,0,,,,,Y,,A,01,0,1,0,0,0,0,0,0,0,"- ","- ",39.472579956054688,-123.21695709228516,MENDOCINO,UNINCORPORATED,-123.21363830566406,39.470298767089844
91435088,2021,2021-03-25,9150,2021-03-17,1700,020581,,3,2,9,2300,0,3,5,,2,002,"RUDDICK CUNNINGHAM RD","HOWELL CREEK RD",2376.00,S,N,A,-,N,,,,,,,,,,Y,4,0,2,1,A,-,03,22350,,M,E,I,A,A,H,-,A,D,0,,,,,Y,,A,01,0,0,2,0,0,0,0,0,0,"- ","- ",39.103740692138672,-123.17462158203125,MENDOCINO,UNINCORPORATED,-123.17446136474609,39.103805541992188
91435202,2021,2021-03-25,9150,2021-03-20,1708,021444,,6,2,9,2300,0,1,2,,1,031,US-101,"RIDGE RANCH RD",1056.00,S,N,A,-,Y,,,101,,,,,,,Y,3,0,2,2,A,-,05,21460,A,N,A,C,A,A,H,-,A,A,0,,,,,Y,,A,01,0,2,0,0,0,0,0,0,0,"- ","- ",39.320671081542969,-123.30078887939453,MENDOCINO,UNINCORPORATED,-123.30080413818359,39.320671081542969
91435423,2021,2021-03-25,9150,2021-03-23,1215,015775,,2,1,9,2300,0,1,3,,1,013,SR-175,"BUCKMAN DR",16896.00,E,N,A,-,Y,,,175,,,,,,,Y,4,0,1,1,A,-,03,22350,,N,E,I,A,B,H,-,A,D,0,,,,,Y,,A,01,0,0,1,0,0,0,0,0,0,"- ","- ",38.978401184082031,-123.0115966796875,MENDOCINO,UNINCORPORATED,-123.01172637939453,38.978404998779297
91436913,2021,2021-03-26,9150,2021-03-23,1101,022046,,2,1,3,2303,0,2,4,,1,023,"N STATE STREET","ORR SPRINGS RD",200.00,S,N,A,-,N,,,,,,,,,,Y,3,0,2,2,A,-,03,22350,,N,C,C,A,A,H,-,A,D,0,,,,,Y,,A,01,0,1,1,0,0,0,0,0,0,"- ","- ",39.174541473388672,-123.21125030517578,MENDOCINO,UKIAH,-123.21086883544922,39.175704956054688
91438561,2021,2021-03-29,9126,2021-03-18,0640,020886,,4,1,9,2300,0,2,4,,2,005,"FOOTHILL BLVD.","AIRPORT RD",8.50,E,N,C,-,N,,,,,,,,,,Y,3,0,1,1,A,-,01,23152,F,M,E,I,A,B,H,-,D,A,0,,,,,Y,,D,22,0,1,0,0,0,0,0,0,0,"- ","- ",39.795101165771484,-123.25753021240234,MENDOCINO,UNINCORPORATED,-123.25763702392578,39.795120239257812
91441285,2021,2021-04-01,9126,2021-01-15,0905,021219,,5,1,9,2300,0,1,2,,2,011,US-101,"BRIDGES CREEK",2112.00,N,N,A,-,Y,,,101,,,,,,,Y,1,1,0,1,A,-,01,23152,F,N,F,A,A,A,H,-,A,D,0,,,,,Y,,A,07,0,0,0,0,0,0,0,0,0,"- ","- ",39.906219482421875,-123.75762939453125,MENDOCINO,UNINCORPORATED,-123.75762939453125,39.906227111816406
91446041,2021,2021-04-08,9126,2021-03-31,2220,022449,,3,3,9,2300,0,3,5,,2,007,"SHERWOOD ROAD","NORTH MAIN STREET",2640.00,W,N,A,-,N,,,,,,,,,,Y,2,0,1,1,A,-,08,22107,,N,E,I,A,A,H,-,D,D,0,,,,,Y,,D,22,1,0,0,0,0,0,0,0,0,"- ","- ",39.425830841064453,-123.36380004882812,MENDOCINO,UNINCORPORATED,-123.35958099365234,39.420982360839844
91446198,2021,2021-04-08,9150,2021-03-30,2040,020581,,2,2,9,2300,0,3,5,,2,003,"EASTHILL DR","HILLTOP DR",855.00,N,N,A,-,N,,,,,,,,,,Y,4,0,1,1,A,-,01,23152,A,N,E,I,A,A,H,-,D,D,0,,,,,Y,Y,A,01,0,0,1,0,0,0,0,0,0,"- ","- ",39.39141845703125,-123.33030700683594,MENDOCINO,UNINCORPORATED,-123.32525634765625,39.393222808837891
91446522,2021,2021-04-08,9150,2021-03-31,2005,020581,,3,2,9,2300,0,2,4,,1,023,"NORTH STATE ST","EMPIRE DR",110.00,N,N,A,-,N,,,,,,,,,,Y,2,0,1,2,A,-,01,23152,A,F,D,C,A,A,H,-,C,D,0,,,Y,,Y,Y,A,07,1,0,0,0,0,0,0,0,1,"- ","- ",39.168079376220703,-123.21132659912109,MENDOCINO,UNINCORPORATED,-123.21134185791016,39.168052673339844
91447258,2021,2021-04-09,9150,2021-03-31,0230,021527,,3,3,9,2300,0,1,2,,1,010,"US-101 S/B","COMMISKY STATION RD",4752.00,S,N,A,-,Y,,,101,,,,,,S,Y,3,0,1,1,A,-,08,22107,,N,E,I,A,A,H,-,D,D,0,,,,Y,Y,,G,25,0,1,0,0,0,0,0,0,0,"- ","- ",38.877780914306641,-123.04573059082031,MENDOCINO,UNINCORPORATED,-123.04587554931641,38.877670288085938
9144831,2020,2020-10-26,2303,2020-06-02,0852,4C7,2303,2,5,3,2303,0,0,0,,0,002,"TALMAGE RD","WAUGH LN",0.00,,Y,A,-,N,,,,,,,,,,N,4,0,1,2,A,-,11,21950,B,N,G,B,D,A,H,-,A,A,0,Y,,,,Y,,N,60,0,0,1,0,1,0,0,0,0,"- ","- ",,,MENDOCINO,UKIAH,-123.20005798339844,39.136188507080078
91448328,2021,2021-04-12,9150,2021-03-23,1200,022046,,2,1,9,2300,0,2,4,,2,026,"MAIN ST","EEL RIVER RD",800.00,W,N,A,-,N,,,,,,,,,,N,3,0,1,2,A,-,11,21954,A,N,G,B,D,A,H,-,A,D,0,Y,,,,Y,,N,60,0,1,0,0,1,0,0,0,0,"- ","- ",39.321708679199219,-123.10108184814453,MENDOCINO,UNINCORPORATED,-123.10195922851562,39.321800231933594
91448598,2021,2021-04-12,9150,2021-04-02,1925,022170,,5,2,9,2300,0,2,4,,2,014,"OLD RIVER RD",SR-175,39600.00,N,N,A,-,N,,,,,,,,,,Y,3,0,1,1,A,-,01,23152,A,N,E,J,A,A,H,-,D,D,0,,,,,Y,Y,A,07,0,1,0,0,0,0,0,0,0,"- ","- ",39.047031402587891,-123.13005828857422,MENDOCINO,UNINCORPORATED,-123.10275268554688,38.972438812255859
91448751,2021,2021-04-12,9150,2021-03-31,1557,018977,,3,2,9,2300,0,2,4,,1,018,"S STATE ST.","OAK KNOLL RD",150.00,S,N,A,-,N,,,,,,,,,,N,3,0,1,2,A,-,03,22350,,N,C,C,A,A,H,-,A,D,0,,,Y,,Y,,C,02,0,1,0,0,0,0,0,0,1,"- ","- ",39.117130279541016,-123.20021820068359,MENDOCINO,UNINCORPORATED,-123.20014190673828,39.116924285888672
91449684,2021,2021-04-13,9126,2021-04-01,1750,022425,,4,2,9,2300,0,1,3,,2,050,SR-162,"BIGGAR LANE",0.00,,Y,A,-,Y,,,162,,,,,,,Y,3,0,1,1,A,-,01,23152,A,M,E,I,A,A,H,-,A,D,0,,,,,Y,Y,A,01,0,1,0,0,0,0,0,0,0,"- ","- ",39.809429168701172,-123.24810791015625,MENDOCINO,UNINCORPORATED,-123.24810028076172,39.809429168701172
91450438,2021,2021-04-14,9150,2021-04-04,1642,022557,,7,2,9,2300,0,2,4,,2,025,"COUNTY ROAD A","EAST CALPELLA RD",1056.00,E,N,A,-,N,,,,,,,,,,Y,4,0,1,1,C,-,18,,,N,E,I,A,A,H,-,A,D,0,,,,,Y,,-,"- ",0,0,1,0,0,0,0,0,0,"- ","- ",39.24578857421875,-123.19402313232422,MENDOCINO,UNINCORPORATED,-123.19377136230469,39.245586395263672
91450443,2021,2021-04-14,9126,2021-04-11,1244,022449,,7,1,9,2300,0,3,5,,2,007,"BIRCH STREET","BROOKTRAILS DRIVE",0.00,,Y,A,-,N,,,,,,,,,,N,3,0,1,1,A,-,03,22350,,N,F,A,A,A,B,-,A,D,0,,,Y,,Y,,C,02,0,1,0,0,0,0,0,0,1,"- ","- ",39.438091278076172,-123.38436126708984,MENDOCINO,UNINCORPORATED,-123.38413238525391,39.438198089599609
91450653,2021,2021-04-14,9150,2021-04-03,1424,022156,,6,2,9,2300,0,1,3,,1,051,SR-1,"IVERSEN POINT RD",0.00,,Y,A,-,Y,,,1,,,,,,,Y,2,0,2,2,A,-,01,23152,G,N,D,C,A,A,H,-,A,D,0,,,,,Y,Y,D,22,1,1,0,0,0,0,0,0,0,"- ","- ",38.847568511962891,-123.64449310302734,MENDOCINO,UNINCORPORATED,-123.64450073242188,38.847545623779297
91451476,2021,2021-04-15,9150,2021-04-05,1520,021527,,1,2,9,2300,0,2,4,,1,023,"NORTH STATE ST","EMPIRE DR",500.00,S,N,A,-,N,,,,,,,,,,N,4,0,2,3,A,-,03,22350,,N,C,C,A,A,H,-,A,A,0,,,,,Y,,D,22,0,0,2,0,0,0,0,0,0,"- ","- ",39.166450500488281,-123.21090698242188,MENDOCINO,UNINCORPORATED,-123.21096801757812,39.166404724121094