CASE_ID,ACCIDENT_YEAR,PROC_DATE,JURIS,COLLISION_DATE,COLLISION_TIME,OFFICER_ID,REPORTING_DISTRICT,DAY_OF_WEEK,CHP_SHIFT,POPULATION,CNTY_CITY_LOC,SPECIAL_COND,BEAT_TYPE,CHP_BEAT_TYPE,CITY_DIVISION_LAPD,CHP_BEAT_CLASS,BEAT_NUMBER,PRIMARY_RD,SECONDARY_RD,DISTANCE,DIRECTION,INTERSECTION,WEATHER_1,WEATHER_2,STATE_HWY_IND,CALTRANS_COUNTY,CALTRANS_DISTRICT,STATE_ROUTE,ROUTE_SUFFIX,POSTMILE_PREFIX,POSTMILE,LOCATION_TYPE,RAMP_INTERSECTION,SIDE_OF_HWY,TOW_AWAY,COLLISION_SEVERITY,NUMBER_KILLED,NUMBER_INJURED,PARTY_COUNT,PRIMARY_COLL_FACTOR,PCF_CODE_OF_VIOL,PCF_VIOL_CATEGORY,PCF_VIOLATION,PCF_VIOL_SUBSECTION,HIT_AND_RUN,TYPE_OF_COLLISION,MVIW,PED_ACTION,ROAD_SURFACE,ROAD_COND_1,ROAD_COND_2,LIGHTING,CONTROL_DEVICE,CHP_ROAD_TYPE,PEDESTRIAN_ACCIDENT,BICYCLE_ACCIDENT,MOTORCYCLE_ACCIDENT,TRUCK_ACCIDENT,NOT_PRIVATE_PROPERTY,ALCOHOL_INVOLVED,STWD_VEHTYPE_AT_FAULT,CHP_VEHTYPE_AT_FAULT,COUNT_SEVERE_INJ,COUNT_VISIBLE_INJ,COUNT_COMPLAINT_PAIN,COUNT_PED_KILLED,COUNT_PED_INJURED,COUNT_BICYCLIST_KILLED,COUNT_BICYCLIST_INJURED,COUNT_MC_KILLED,COUNT_MC_INJURED,PRIMARY_RAMP,SECONDARY_RAMP,LATITUDE,LONGITUDE,COUNTY,CITY,POINT_X,POINT_Y
92086874,2023,2023-06-06,9150,2023-05-26,2210,022888,,5,3,9,2300,0,2,4,,1,018,"S STATE ST.","FIRCREST DR.",0.00,,Y,A,-,N,,,,,,,,,,N,4,0,2,2,A,-,09,21804,A,N,D,C,A,A,H,-,C,D,0,,,,,Y,,A,01,0,0,2,0,0,0,0,0,0,"- ","- ",39.122051239013672,-123.20381927490234,MENDOCINO,UNINCORPORATED,-123.20377349853516,39.122047424316406
92086987,2023,2023-09-07,9150,2023-05-31,1340,016075,,3,1,9,2300,0,2,4,,2,025,"EAST RD @ CR144",CR-144,70.00,S,N,A,-,N,,,,,,,,,,Y,3,0,1,2,A,-,03,22350,,N,E,8,A,A,H,-,A,D,0,,,Y,Y,Y,,C,02,0,1,0,0,0,0,0,0,1,"- ","- ",39.244148254394531,-123.19808959960938,MENDOCINO,UNINCORPORATED,-123.19804382324219,39.244110107421875
92087244,2023,2023-06-09,9150,2023-05-25,1825,019107,,4,2,9,2300,0,1,3,,1,013,SR-175,"BUCKMAN DRIVE",0.00,,Y,A,-,Y,MEN,,175," "," ",3.958,H,,R,Y,3,0,2,2,A,-,09,21804,A,N,D,C,A,A,H,-,A,D,0,,,,,Y,,A,01,0,2,0,0,0,0,0,0,0,"- ","- ",38.976810455322266,-123.05198669433594,MENDOCINO,UNINCORPORATED,-123.05199432373047,38.976791381835938
92088585,2023,2023-06-07,9126,2023-04-08,1315,022610,,6,1,9,2300,0,1,2,,1,077,US-101,"REYNOLDS HIGHWAY",5280.00,S,N,A,-,Y,MEN,,101," "," ",49.954,H,,R,Y,4,0,1,2,A,-,03,22350,,N,C,C,A,A,H,-,A,D,0,,,,,Y,,A,07,0,0,1,0,0,0,0,0,0,"- ","- ",39.452251434326172,-123.34815979003906,MENDOCINO,UNINCORPORATED,-123.34810638427734,39.452255249023438
92089131,2023,2023-06-08,9150,2023-05-31,"705 ",023109,,3,1,9,2300,0,1,2,,1,031,US-101,"MOBILE VILLAGE WAY",0.00,,Y,A,-,Y,MEN,,101," "," ",39.634,H,,R,Y,3,0,1,2,A,-,09,21802,A,N,D,C,A,A,H,-,A,A,0,,,,,Y,,A,01,0,1,0,0,0,0,0,0,0,"- ","- ",39.323921203613281,-123.30123901367188,MENDOCINO,UNINCORPORATED,-123.30110168457031,39.323932647705078
92089581,2023,2023-06-08,9150,2023-06-06,1105,022150,,2,1,9,2300,0,3,5,,2,005,"MOUNTAIN VIEW RD","40650 MOUNTAIN VIEW RD",40.00,E,N,A,-,N,,,,,,,,,,Y,4,0,1,1,A,-,08,22107,,N,E,I,A,A,H,-,A,D,0,,,,,Y,,-,"- ",0,0,1,0,0,0,0,0,0,"- ","- ",39.957389831542969,-123.63819122314453,MENDOCINO,UNINCORPORATED,,
92089585,2023,2023-06-08,9150,2023-06-07,1046,023203,,3,1,9,2300,0,1,3,,1,015,SR-253,"KING RIDGE ROAD",4171.00,W,N,B,-,Y,MEN,,253," "," ",13.838,H,,R,Y,3,0,1,1,A,-,06,21750,A,N,E,I,A,A,H,-,A,D,0,,,,,Y,,D,22,0,1,0,0,0,0,0,0,0,"- ","- ",39.075630187988281,-123.21275329589844,MENDOCINO,UNINCORPORATED,-123.21280670166016,39.075588226318359
92091526,2023,2023-06-12,9150,2023-06-09,1710,023140,,5,2,9,2300,0,1,3,,1,052,SR-1,"MOUNTAIN VIEW RD",2640.00,S,N,B,-,Y,MEN,,1," "," ",18.873,H,,R,Y,2,0,1,1,A,-,08,22107,,N,E,8,A,A,H,-,A,D,0,,,Y,,Y,Y,C,02,1,0,0,0,0,0,0,0,1,"- ","- ",38.948501586914062,-123.69769287109375,MENDOCINO,UNINCORPORATED,-123.6976318359375,38.948444366455078
92092293,2023,2023-06-13,9150,2023-06-08,1316,022276,,4,1,9,2300,0,1,3,,1,064,SR-1,"ROCKPORT ST",10560.00,S,N,A,-,Y,MEN,,1," "," ",85.856,H,,R,N,2,0,1,1,A,-,08,22107,,N,F,A,A,A,H,-,A,D,0,,,Y,,Y,,C,02,1,0,0,0,0,0,0,0,1,"- ","- ",39.724990844726562,-123.80834197998047,MENDOCINO,UNINCORPORATED,-123.80838012695312,39.724948883056641
92093269,2023,2023-06-14,9150,2023-06-08,1510,019107,,4,2,9,2300,0,3,5,,2,002,"LOW GAP RD","DESPINA DR",36749.00,W,N,A,-,N,,,,,,,,,,Y,2,0,1,1,A,-,08,22107,,N,F,0,A,A,H,-,A,D,0,,,Y,,Y,,C,02,1,0,0,0,0,0,0,0,1,"- ","- ",39.159080505371094,-123.31668853759766,MENDOCINO,UNINCORPORATED,-123.31781768798828,39.158721923828125
92093270,2023,2023-06-14,9150,2023-06-08,1746,018977,,4,2,9,2300,0,3,5,,2,002,"BABCOCK LN","GOBBI ST",850.00,S,N,A,-,N,,,,,,,,,,Y,4,0,2,1,A,-,08,22107,,N,F,A,A,A,H,-,A,D,0,,,,,Y,,A,01,0,0,2,0,0,0,0,0,0,"- ","- ",39.143058776855469,-123.19132995605469,MENDOCINO,UNINCORPORATED,-123.19135284423828,39.143154144287109
92093721,2022,2023-06-14,9126,2022-08-16,0120,022747,,2,3,9,2300,0,1,3,,2,050,SR-162,US-101,42240.00,E,N,A,-,Y,MEN,,162,,,8.012,H,,R,Y,1,1,1,1,A,-,08,22107,,N,F,0,A,A,H,-,D,D,0,,,,,Y,,D,22,0,1,0,0,0,0,0,0,0,"- ","- ",39.623149871826172,-123.34763336181641,MENDOCINO,UNINCORPORATED,-123.34759521484375,39.623134613037109
92093774,2022,2023-06-14,9126,2022-11-11,1720,022815,,5,2,9,2300,0,3,5,,2,007,"SHERWOOD ROAD","BIRCH TERRACE",6336.00,S,N,B,-,N,,,,,,,,,,Y,1,1,0,1,A,-,01,23152,A,N,F,0,A,A,H,-,B,D,0,,,,,Y,Y,A,07,0,0,0,0,0,0,0,0,0,"- ","- ",39.429939270019531,-123.37091064453125,MENDOCINO,UNINCORPORATED,-123.35934448242188,39.420639038085938
92094933,2023,2023-06-15,9126,2023-06-09,"745 ",022628,,5,1,9,2300,0,1,2,,1,077,US-101,"RYAN CREEK RD",500.00,N,N,B,-,Y,MEN,,101," "," ",52.620,H,,R,Y,3,0,1,2,A,-,17,23114,A,N,H,C,A,A,H,-,A,D,0,,,,,Y,,D,22,0,1,0,0,0,0,0,0,0,"- ","- ",39.485210418701172,-123.36049652099609,MENDOCINO,UNINCORPORATED,-123.36052703857422,39.485214233398438
92095092,2023,2023-06-15,9126,2023-06-06,1820,022730,,2,2,9,2300,0,2,4,,2,005,"TABOR LANE","HENDERSON LANE",320.00,S,N,B,-,N,,,,,,,,,,N,3,0,1,2,A,-,06,21750,A,M,B,C,A,A,H,-,A,D,0,,,Y,,Y,,C,02,0,1,0,0,0,0,0,0,1,"- ","- ",39.801628112792969,-123.26703643798828,MENDOCINO,UNINCORPORATED,-123.26701354980469,39.801670074462891
92095139,2023,2023-06-15,9126,2023-06-08,1930,022730,,4,2,9,2300,0,3,5,,2,007,"BLUE LAKE  ROAD","RIDGE ROAD",1056.00,W,N,B,-,N,,,,,,,,,,N,2,0,1,3,A,-,08,22107,,N,C,G,A,A,H,-,A,D,0,,Y,Y,,Y,,L,04,1,0,0,0,0,0,1,0,0,"- ","- ",39.463871002197266,-123.43611145019531,MENDOCINO,UNINCORPORATED,-123.43637084960938,39.463958740234375
92095143,2023,2023-06-15,9126,2023-06-05,2240,022730,,1,3,9,2300,0,1,2,,1,077,"US-101 N/B","UNDERPASS ROAD",625.00,S,N,B,-,Y,MEN,,101," "," ",57.538,H,,R,Y,2,0,2,3,C,-,18,,,N,C,2,E,A,H,-,D,D,0,Y,,,,Y,,-,"- ",1,1,0,0,1,0,0,0,0,"- ","- ",39.534889221191406,-123.41348266601562,MENDOCINO,UNINCORPORATED,-123.41349792480469,39.534862518310547
92095928,2023,2023-06-16,9150,2023-06-09,1719,019107,,5,2,9,2300,0,1,2,,1,010,"US 101","LA FRANCHI RD",54.00,S,N,A,-,Y,MEN,,101," "," ",9.857,H,,R,Y,4,0,3,2,A,-,03,22350,,N,C,C,A,A,H,-,A,D,0,,,,,Y,,A,07,0,0,3,0,0,0,0,0,0,"- ","- ",38.957698822021484,-123.10928344726562,MENDOCINO,UNINCORPORATED,-123.10929107666016,38.957695007324219
92097956,2023,2023-06-20,9150,2023-06-11,1900,021804,,7,2,9,2300,0,1,3,,1,062,"SR-1 S/B","FROG POND RD",1478.00,S,N,A,-,Y,MEN,,1," "," ",45.361,H,,L,N,3,0,1,1,A,-,08,22107,,N,E,I,A,A,H,-,B,D,0,,,,,Y,,A,01,0,1,0,0,0,0,0,0,0,"- ","- ",39.242179870605469,-123.77371978759766,MENDOCINO,UNINCORPORATED,-123.77371978759766,39.242179870605469
92097988,2023,2023-06-20,9150,2023-06-15,1450,023203,,4,2,9,2300,0,2,4,,1,023,"N. STATE ST",US-101,845.00,N,N,A,-,N,,,,,,,,,,Y,3,0,1,2,A,-,09,21804,A,N,D,C,A,A,H,-,A,D,0,,,,,Y,,A,01,0,1,0,0,0,0,0,0,0,"- ","- ",39.173789978027344,-123.21150207519531,MENDOCINO,UNINCORPORATED,-123.24000549316406,39.270423889160156
92098129,2023,2023-06-20,9150,2023-06-17,2100,022216,,6,2,9,2300,0,1,3,,1,024,SR-20,"MEN SR-20 MPM 42.87",82.00,W,N,A,-,Y,MEN,,20," "," ",42.870,H,,R,Y,2,0,2,1,C,-,18,,,N,H,H,A,A,H,-,D,D,0,,,Y,,Y,,-,"- ",2,0,0,0,0,0,0,0,2,"- ","- ",39.204879760742188,-123.05699920654297,MENDOCINO,UNINCORPORATED,-123.0570068359375,39.204875946044922
92098144,2023,2023-06-20,9150,2023-06-18,1120,022150,,7,1,9,2300,0,1,3,,1,052,SR-1,"1 MEN 32.00",70.00,N,N,A,-,Y,MEN,,1," "," ",32.037,H,,R,Y,4,0,1,1,A,-,03,22350,,N,E,I,A,A,H,-,A,D,0,,,,,Y,,A,01,0,0,1,0,0,0,0,0,0,"- ","- ",39.105571746826172,-123.70903015136719,MENDOCINO,UNINCORPORATED,-123.70896148681641,39.105606079101562
92098219,2023,2023-06-20,9126,2023-05-27,1902,022751,,6,2,9,2300,0,1,2,,2,011,"US-101 N/B","SR 271 UNDER CROSSING",792.00,S,N,A,-,Y,MEN,,101," ",R,103.679,H,,R,N,2,0,1,1,A,-,08,22107,,N,E,8,A,A,H,-,A,D,0,,,,,Y,,D,22,1,0,0,0,0,0,0,0,0,"- ","- ",39.964580535888672,-123.79335021972656,MENDOCINO,UNINCORPORATED,-123.79341125488281,39.964530944824219
92100088,2023,2023-06-22,9150,2023-06-19,1305,022150,,1,1,9,2300,0,1,3,,1,064,SR-1,"1 MEN 87.14",130.00,S,N,A,-,Y,MEN,,1," "," ",87.198,H,,R,N,3,0,1,1,A,-,03,22350,,N,F,A,A,A,H,-,A,D,0,,,Y,,Y,,C,02,0,1,0,0,0,0,0,0,1,"- ","- ",39.733200073242188,-123.80892944335938,MENDOCINO,UNINCORPORATED,-123.80898284912109,39.733177185058594
92100096,2023,2023-06-22,9150,2023-06-20,1255,022150,,2,1,9,2300,0,1,3,,1,062,SR-1,"PEARL DR",0.00,,Y,A,-,Y,MEN,,1," "," ",57.876,H,,R,Y,2,0,2,2,A,-,05,21460,A,N,D,C,A,A,H,-,A,D,0,,,Y,,Y,,C,02,1,0,1,0,0,0,0,0,1,"- ","- ",39.392799377441406,-123.81067657470703,MENDOCINO,UNINCORPORATED,-123.81072235107422,39.392810821533203
92101110,2023,2023-06-29,9126,2023-05-28,1350,022610,,7,1,9,2300,0,3,5,,2,555,"TOMKI ROAD","22364 TOMKI ROAD",88.50,N,N,C,-,N,,,,,,,,,,Y,1,1,0,2,A,-,05,21650,,N,A,C,A,B,H,-,E,D,0,,,Y,,Y,,C,02,0,0,0,0,0,0,0,1,0,"- ","- ",39.443931579589844,-123.23990631103516,MENDOCINO,UNINCORPORATED,,
92103582,2023,2023-06-27,9126,2023-06-15,2238,022695,,4,3,9,2300,0,3,5,,2,555,"FOREST HIGHWAY FH7","ETSEL RIDGE ROAD",106.00,E,N,A,-,N,,,,,,,,,,Y,3,0,1,1,A,-,01,23152,A,N,E,8,A,A,H,-,D,D,0,,,,,Y,Y,A,07,0,1,0,0,0,0,0,0,0,"- ","- ",39.822811126708984,-123.08165740966797,MENDOCINO,UNINCORPORATED,,
92105599,2023,2023-06-29,9150,2023-06-17,1623,022276,,6,2,9,2300,0,1,3,,1,064,SR-1,"COUNTY ROAD 207",2640.00,S,N,A,-,Y,MEN,,1," "," ",84.225,H,,R,N,3,0,1,1,A,-,08,22107,,N,F,A,A,A,H,-,A,D,0,,,Y,,Y,,C,02,0,1,0,0,0,0,0,0,1,"- ","- ",39.716640472412109,-123.80072021484375,MENDOCINO,UNINCORPORATED,-123.80073547363281,39.716629028320312
92106607,2023,2023-06-29,9150,2023-06-19,1626,021958,,1,2,9,2300,0,2,4,,1,023,"NORTH STATE ST","CENTRAL AVE",246.00,S,N,A,-,N,,,,,,,,,,Y,3,0,1,2,A,-,08,22107,,N,D,C,A,A,H,-,A,D,0,,,,,Y,,A,01,0,1,0,0,0,0,0,0,0,"- ","- ",39.224758148193359,-123.20388793945312,MENDOCINO,UNINCORPORATED,-123.20394134521484,39.224639892578125
92110181,2023,2023-07-05,9150,2023-06-21,1520,018977,,3,2,9,2300,0,2,4,,1,018,"S. STATE ST.","BLUE BONNET DR",95.00,S,N,A,-,N,,,,,,,,,,N,4,0,2,2,A,-,01,23152,A,N,D,C,A,A,H,-,A,D,0,,,,,Y,Y,A,01,0,0,2,0,0,0,0,0,0,"- ","- ",39.120140075683594,-123.20237731933594,MENDOCINO,UNINCORPORATED,-123.20276641845703,39.120578765869141
92110565,2023,2023-07-06,9150,2023-06-17,1625,022216,,6,2,9,2300,0,2,4,,2,025,"COUNTY ROAD I","COLONY DRIVE",4.00,W,N,A,-,N,,,,,,,,,,Y,4,0,1,2,A,-,03,22350,,N,C,C,A,A,H,-,A,D,0,,,,,Y,,D,22,0,0,1,0,0,0,0,0,0,"- ","- ",39.284641265869141,-123.18852233886719,MENDOCINO,UNINCORPORATED,-123.18842315673828,39.284618377685547
92110755,2023,2023-07-06,9126,2023-07-03,"740 ",022610,,1,1,9,2300,0,2,4,,2,070,"SHERWOOD ROAD","MALLARD STREET",100.00,S,N,A,-,N,,,,,,,,,,Y,3,0,1,1,C,-,18,,,N,H,7,A,A,H,-,A,D,0,,,Y,,Y,,-,"- ",0,1,0,0,0,0,0,0,1,"- ","- ",39.456039428710938,-123.38639831542969,MENDOCINO,UNINCORPORATED,-123.38632965087891,39.456119537353516
92110866,2023,2023-07-06,9150,2023-06-24,"535 ",023115,,6,3,9,2300,0,1,3,,1,024,"STATE HIGHWAY 20","COUNTY ROAD 144",400.00,E,N,B,-,Y,MEN,,20," "," ",34.031,H,,R,Y,2,0,4,2,A,-,01,23153,A,N,A,C,A,A,H,-,B,D,0,,,,,Y,Y,A,01,3,1,0,0,0,0,0,0,0,"- ","- ",39.241500854492188,-123.19470977783203,MENDOCINO,UNINCORPORATED,-123.19468688964844,39.241512298583984
92110884,2023,2023-07-06,9150,2023-06-24,1332,021804,,6,1,9,2300,0,3,5,,2,002,"ORR SPRINGS RD","NORTH STATE ST",15840.00,W,N,A,-,N,,,,,,,,,,Y,3,0,1,1,A,-,08,22107,,N,E,I,A,A,H,-,A,D,0,,,Y,,Y,,C,02,0,1,0,0,0,0,0,0,1,"- ","- ",39.187549591064453,-123.25531768798828,MENDOCINO,UNINCORPORATED,-123.255126953125,39.187477111816406
92110970,2023,2023-07-06,9150,2023-06-24,1354,021816,,6,1,9,2300,0,2,4,,2,026,"EASTSIDE POTTER VALLEY RD","MAIN ST",0.00,,Y,A,-,N,,,,,,,,,,Y,2,0,1,1,A,-,03,22350,,N,F,I,A,A,H,-,A,D,0,,,Y,,Y,,C,06,1,0,0,0,0,0,0,0,1,"- ","- ",39.321781158447266,-123.09555053710938,MENDOCINO,UNINCORPORATED,-123.09505462646484,39.321628570556641
92111101,2023,2023-07-06,9150,2023-06-25,"100 ",023109,,7,3,9,2300,0,3,5,,2,002,"BRUSH ST","NORTH ORCHARD AVE",30.00,E,N,A,-,N,,,,,,,,,,Y,3,0,1,1,A,-,08,22107,,M,E,I,A,A,H,-,D,D,0,,,,,Y,,A,07,0,1,0,0,0,0,0,0,0,"- ","- ",39.159339904785156,-123.19992828369141,MENDOCINO,UNINCORPORATED,-123.19991302490234,39.159374237060547
92111183,2023,2023-07-06,9150,2023-06-25,1315,022150,,7,1,9,2300,0,3,5,,2,005,"MOUTAIN VIEW RD","MPM 6.64",70.00,E,N,A,-,N,,,,,,,,,,N,3,0,1,1,A,-,03,22350,,N,E,I,A,A,H,-,A,D,0,,,Y,,Y,,C,02,0,1,0,0,0,0,0,0,1,"- ","- ",38.951118469238281,-123.69051361083984,MENDOCINO,UNINCORPORATED,,
92111221,2023,2023-07-06,9150,2023-06-28,"535 ",015775,,3,3,9,2300,0,1,3,,1,015,SR-253,SR-128,4330.00,E,N,A,-,Y,MEN,,253," "," ",1.097,H,,R,Y,3,0,1,1,A,-,08,22107,,N,E,I,A,A,H,-,B,D,0,,,,,Y,,A,01,0,1,0,0,0,0,0,0,0,"- ","- ",39.000099182128906,-123.33921051025391,MENDOCINO,UNINCORPORATED,-123.33917999267578,39.000175476074219
92112021,2023,2023-07-07,9150,2023-06-29,1120,021527,,4,1,9,2300,0,1,3,,1,015,SR-253,"LONG VALLEY RANCH RD",11616.00,W,N,A,-,Y,MEN,,253," "," ",10.196,H,,R,N,4,0,1,1,A,-,03,22350,,N,E,I,A,A,H,-,A,D,0,,,,,Y,,A,07,0,0,1,0,0,0,0,0,0,"- ","- ",39.05194091796875,-123.24529266357422,MENDOCINO,UNINCORPORATED,-123.24526977539062,39.051959991455078
92112134,2023,2023-07-07,9150,2023-06-30,2215,023115,,5,3,9,2300,0,1,2,,2,022,"UNITED STATES HIGHWAY 101","MEN MPM 39.97",30.00,S,N,A,-,Y,MEN,,101," "," ",40.102,H,,R,N,4,0,1,1,A,-,01,23152,A,N,B,I,A,A,H,-,D,D,0,,,,,Y,Y,A,07,0,0,1,0,0,0,0,0,0,"- ","- ",39.330928802490234,-123.30449676513672,MENDOCINO,UNINCORPORATED,-123.30433654785156,39.330978393554688
92112181,2023,2023-07-07,9150,2023-07-03,"653 ",021804,,1,1,9,2300,0,1,2,,2,021,US-101,"PERKINS ST OVERCROSSING",349.00,S,N,A,-,Y,MEN,,101," ",R,24.460,H,,R,Y,3,0,1,1,A,-,08,22107,,N,E,I,A,A,H,-,A,D,0,,,,,Y,,D,22,0,1,0,0,0,0,0,0,0,"- ","- ",39.150650024414062,-123.19651031494141,MENDOCINO,UNINCORPORATED,-123.19666290283203,39.150642395019531
92112207,2023,2023-07-07,9126,2023-06-27,1620,022747,,2,2,9,2300,0,1,3,,2,050,SR-162,"BIGGAR LANE",0.00,,Y,A,-,Y,MEN,,162," "," ",30.274,H,,R,Y,3,0,2,2,A,-,09,21802,A,N,D,2,A,A,H,-,A,D,0,,,,,Y,,A,01,0,2,0,0,0,0,0,0,0,"- ","- ",39.809799194335938,-123.24787902832031,MENDOCINO,UNINCORPORATED,-123.24811553955078,39.809795379638672
92113206,2023,2023-07-10,9126,2023-06-30,1730,023141,,5,2,9,2300,0,1,3,,2,010,SR-1,"WESTSIDE ROAD",10560.00,N,N,A,-,Y,MEN,,1," "," ",100.365,H,,R,N,2,0,1,1,A,-,03,22350,,N,F,A,A,A,H,-,A,A,0,,,Y,,Y,,C,02,1,0,0,0,0,0,0,0,1,"- ","- ",39.857128143310547,-123.76280212402344,MENDOCINO,UNINCORPORATED,-123.76277160644531,39.857112884521484
92115140,2023,2023-07-12,9150,2023-07-03,1740,021958,,1,2,9,2300,0,1,3,,1,037,SR-20,"IRMULCO RD",7920.00,E,N,A,-,Y,MEN,,20," "," ",27.233,H,,R,Y,2,0,2,1,A,-,08,22107,,N,E,I,A,A,H,-,A,D,0,,,,,Y,,A,08,1,1,0,0,0,0,0,0,0,"- ","- ",39.390800476074219,-123.44597625732422,MENDOCINO,UNINCORPORATED,-123.44596099853516,39.390830993652344
92115183,2023,2023-07-12,9150,2023-07-07,1308,023140,,5,1,9,2300,0,1,3,,1,065,SR-20,20MEN9.00,500.00,E,N,A,-,Y,MEN,,20," "," ",9.035,H,,R,Y,2,0,2,2,A,-,03,22350,,N,C,C,A,A,H,-,A,D,0,,,,,Y,,A,01,2,0,0,0,0,0,0,0,0,"- ","- ",39.369228363037109,-123.67955780029297,MENDOCINO,UNINCORPORATED,-123.67949676513672,39.369232177734375
92115206,2023,2023-07-12,9150,2023-07-07,1355,017548,,5,1,9,2300,0,1,3,,2,061,SR-128,"MPM 2.25",15.00,W,N,A,-,Y,MEN,,128," "," ",2.211,H,,R,Y,3,0,2,1,A,-,08,22107,,N,H,8,A,A,H,-,A,D,0,,,,,Y,,A,01,0,1,1,0,0,0,0,0,0,"- ","- ",39.183708190917969,-123.71499633789062,MENDOCINO,UNINCORPORATED,-123.71479797363281,39.183853149414062
92116201,2023,2023-07-13,9150,2023-07-01,2243,023115,,6,3,9,2300,0,3,5,,2,002,"POWERHOUSE RD","FURBER LN",27.00,S,N,A,-,N,,,,,,,,,,N,2,0,1,2,A,-,01,23152,A,N,C,E,A,A,H,-,D,D,0,,,Y,,Y,Y,C,02,1,0,0,0,0,0,0,0,1,"- ","- ",39.323158264160156,-123.11305999755859,MENDOCINO,UNINCORPORATED,-123.11311340332031,39.323146820068359
92116854,2023,2023-07-14,9150,2023-07-08,"307 ",023109,,6,3,9,2300,0,1,2,,1,012,US-101,"MPM 13.4",91.00,N,N,A,-,Y,MEN,,101," "," ",13.464,H,,R,Y,3,0,1,1,A,-,01,23152,A,N,E,I,A,A,H,-,D,D,0,,,,,Y,Y,A,07,0,1,0,0,0,0,0,0,0,"- ","- ",39.006710052490234,-123.12191772460938,MENDOCINO,UNINCORPORATED,-123.12186431884766,39.006736755371094
92116857,2023,2023-07-14,9150,2023-07-09,2000,023203,,7,2,9,2300,0,3,5,,2,002,"PINE RIDGE RD","LOW GAP RD",3168.00,S,N,A,-,N,,,,,,,,,,Y,3,0,1,2,A,-,05,21650,,N,A,C,A,A,H,-,B,D,0,,,Y,,Y,Y,-,"- ",0,1,0,0,0,0,0,0,1,"- ","- ",39.160560607910156,-123.27915191650391,MENDOCINO,UNINCORPORATED,-123.27897644042969,39.161270141601562
92117345,2023,2023-07-14,9150,2023-07-10,"255 ",023140,,1,3,9,2300,0,1,3,,1,065,SR-20,20MEN9.42,300.00,W,N,C,-,Y,MEN,,20," "," ",9.347,H,,R,Y,4,0,1,1,A,-,03,22350,,N,E,8,A,B,H,-,D,D,0,,,,,Y,,D,23,0,0,1,0,0,0,0,0,0,"- ","- ",39.364948272705078,-123.67620086669922,MENDOCINO,UNINCORPORATED,-123.67613983154297,39.365180969238281
92117348,2023,2023-07-14,9126,2023-07-08,1640,022747,,6,2,9,2300,0,1,3,,2,050,SR-162,"LAYTONVILLE DOS RIOS ROAD",8976.00,W,N,A,-,Y,MEN,,162," "," ",13.758,H,,R,Y,3,0,1,1,A,-,08,22107,,M,E,I,A,A,H,-,A,D,0,,,,,Y,,A,07,0,1,0,0,0,0,0,0,0,"- ","- ",39.697399139404297,-123.35964202880859,MENDOCINO,UNINCORPORATED,-123.35967254638672,39.697410583496094
92120522,2023,2023-07-19,9150,2023-06-20,"55  ",023008,,2,3,9,2300,0,1,2,,1,010,US-101,"LA FRANCHI RD",2482.00,N,N,A,-,Y,,,,,,,,,,Y,3,0,1,1,A,-,01,23152,A,M,E,I,A,A,H,-,D,A,0,,,,,Y,Y,D,22,0,1,0,0,0,0,0,0,0,"- ","- ",38.964370727539062,-123.11386871337891,MENDOCINO,UNINCORPORATED,-123.11442565917969,38.964153289794922
92120541,2023,2023-07-19,9150,2023-07-11,"515 ",022888,,2,3,9,2300,0,1,3,,2,042,SR-128,"128 MEN 13.88",250.00,W,N,A,-,Y,MEN,,128," "," ",13.829,H,,R,N,4,0,1,1,A,-,08,22107,,N,E,I,A,A,H,-,A,D,0,,,,Y,Y,,F,25,0,0,1,0,0,0,0,0,0,"- ","- ",39.156879425048828,-123.54792022705078,MENDOCINO,UNINCORPORATED,-123.54781341552734,39.156929016113281
92120614,2023,2023-07-19,9150,2023-07-13,1720,023140,,4,2,9,2300,0,1,3,,1,065,SR-20,20MEN19.35,250.00,E,N,A,-,Y,MEN,,20," "," ",19.399,H,,R,Y,4,0,1,2,A,-,05,21460,A,N,A,2,A,A,H,-,A,D,0,,,,,Y,,A,01,0,0,1,0,0,0,0,0,0,"- ","- ",39.346408843994141,-123.52256011962891,MENDOCINO,UNINCORPORATED,-123.5225830078125,39.346378326416016
92120913,2023,2023-07-19,9150,2023-07-16,1330,022150,,7,1,9,2300,0,1,3,,1,065,SR-20,"20 MEN 5.09",60.00,E,N,A,-,Y,MEN,,20," "," ",5.089,H,,R,Y,4,0,1,1,A,-,08,22107,,N,E,8,A,A,H,-,A,D,0,,,,Y,Y,,F,26,0,0,1,0,0,0,0,0,0,"- ","- ",39.406551361083984,-123.72588348388672,MENDOCINO,UNINCORPORATED,-123.72589874267578,39.406528472900391