CASE_ID,ACCIDENT_YEAR,PROC_DATE,JURIS,COLLISION_DATE,COLLISION_TIME,OFFICER_ID,REPORTING_DISTRICT,DAY_OF_WEEK,CHP_SHIFT,POPULATION,CNTY_CITY_LOC,SPECIAL_COND,BEAT_TYPE,CHP_BEAT_TYPE,CITY_DIVISION_LAPD,CHP_BEAT_CLASS,BEAT_NUMBER,PRIMARY_RD,SECONDARY_RD,DISTANCE,DIRECTION,INTERSECTION,WEATHER_1,WEATHER_2,STATE_HWY_IND,CALTRANS_COUNTY,CALTRANS_DISTRICT,STATE_ROUTE,ROUTE_SUFFIX,POSTMILE_PREFIX,POSTMILE,LOCATION_TYPE,RAMP_INTERSECTION,SIDE_OF_HWY,TOW_AWAY,COLLISION_SEVERITY,NUMBER_KILLED,NUMBER_INJURED,PARTY_COUNT,PRIMARY_COLL_FACTOR,PCF_CODE_OF_VIOL,PCF_VIOL_CATEGORY,PCF_VIOLATION,PCF_VIOL_SUBSECTION,HIT_AND_RUN,TYPE_OF_COLLISION,MVIW,PED_ACTION,ROAD_SURFACE,ROAD_COND_1,ROAD_COND_2,LIGHTING,CONTROL_DEVICE,CHP_ROAD_TYPE,PEDESTRIAN_ACCIDENT,BICYCLE_ACCIDENT,MOTORCYCLE_ACCIDENT,TRUCK_ACCIDENT,NOT_PRIVATE_PROPERTY,ALCOHOL_INVOLVED,STWD_VEHTYPE_AT_FAULT,CHP_VEHTYPE_AT_FAULT,COUNT_SEVERE_INJ,COUNT_VISIBLE_INJ,COUNT_COMPLAINT_PAIN,COUNT_PED_KILLED,COUNT_PED_INJURED,COUNT_BICYCLIST_KILLED,COUNT_BICYCLIST_INJURED,COUNT_MC_KILLED,COUNT_MC_INJURED,PRIMARY_RAMP,SECONDARY_RAMP,LATITUDE,LONGITUDE,COUNTY,CITY,POINT_X,POINT_Y
92235890,2023,2023-11-14,9126,2023-11-02,2355,022730,,4,3,9,2300,0,2,4,,1,003,"NORTH ROAD","BRANSCOMB ROAD",0.00,,Y,E,-,N,,,,,,,,,,Y,3,0,1,1,A,-,01,23152,A,N,E,8,A,A,H,-,D,A,0,,,,,Y,Y,A,07,0,1,0,0,0,0,0,0,0,"- ","- ",39.680469512939453,-123.49504089355469,MENDOCINO,UNINCORPORATED,-123.50910186767578,39.673286437988281
92236735,2023,2023-11-15,9126,2023-10-28,1940,022730,,6,2,9,2300,0,3,5,,2,555,"HULL MOUNTAIN ROAD","FOREST ROUTE 1N02",1056.00,S,N,A,-,N,,,,,,,,,,Y,2,0,1,1,A,-,01,23152,A,N,F,A,A,A,H,-,D,D,0,,,,,Y,Y,D,22,1,0,0,0,0,0,0,0,0,"- ","- ",39.520660400390625,-122.93923187255859,MENDOCINO,UNINCORPORATED,,
92237875,2023,2023-11-16,9126,2023-05-14,1900,022747,,7,2,9,2300,0,3,5,,2,555,"MEXICO RIDGE ROAD (CRM1)","ETSEL RIDGE ROAD",3168.00,S,N,A,-,N,,,,,,,,,,Y,1,1,0,1,A,-,03,22350,,N,E,8,A,A,H,-,A,D,0,,,Y,,Y,,C,06,0,0,0,0,0,0,0,1,0,"- ","- ",39.811698913574219,-123.08001708984375,MENDOCINO,UNINCORPORATED,-123.07993316650391,39.811862945556641
92239044,2023,2023-11-17,9126,2023-11-10,1400,022610,,5,2,9,2300,0,1,2,,2,055,US-101,"MILE POST MARKER 101 MEN 76.50",80.00,S,N,A,-,Y,MEN,,101," "," ",76.347,H,,R,Y,4,0,1,1,A,-,08,22107,,N,F,A,A,A,H,-,A,D,0,,,,,Y,,D,22,0,0,1,0,0,0,0,0,0,"- ","- ",39.770408630371094,-123.5452880859375,MENDOCINO,UNINCORPORATED,-123.54531860351562,39.770404815673828
92240102,2023,2023-11-20,9150,2023-11-11,2126,023109,,6,2,9,2300,0,3,5,,2,002,"RUDDICK CUNNINGHAM RD.","GIELOW LANE",2420.00,W,N,A,-,N,,,,,,,,,,Y,3,0,1,1,A,-,01,23152,A,N,E,I,A,A,H,-,D,D,0,,,,,Y,Y,D,22,0,1,0,0,0,0,0,0,0,"- ","- ",39.117790222167969,-123.18113708496094,MENDOCINO,UNINCORPORATED,-123.18097686767578,39.117893218994141
92242618,2023,2023-11-22,9150,2023-11-13,1510,022150,,1,2,9,2300,0,3,5,,2,006,"MAIN ST","HOWARD ST",283.00,E,N,A,-,N,,,,,,,,,,Y,3,0,1,2,A,-,08,22107,,N,F,A,A,A,H,-,A,D,0,,,Y,,Y,,C,02,0,1,0,0,0,0,0,0,1,"- ","- ",39.305488586425781,-123.79624938964844,MENDOCINO,UNINCORPORATED,-123.79629516601562,39.305507659912109
92242924,2023,2023-11-22,9150,2023-11-14,1150,016075,,2,1,9,2300,0,1,2,,1,031,"US-101 S/B FROM SR-20",SR-20,528.00,S,N,B,C,Y,,,,,,,,,,Y,3,0,1,1,A,-,03,22350,,N,E,8,A,B,H,-,A,D,0,,,,,Y,,D,22,0,1,0,0,0,0,0,0,0,"- ","- ",39.374229431152344,-123.32457733154297,MENDOCINO,UNINCORPORATED,-123.32457733154297,39.374229431152344
92243172,2023,2023-11-22,9126,2023-11-20,1330,022610,,1,1,9,2300,0,2,4,,2,070,"SHERWOOD ROAD","MAIN STREET",2640.00,N,N,A,-,N,,,,,,,,,,Y,3,0,1,1,A,-,08,22107,,N,E,8,A,A,H,-,A,D,0,,,,,Y,,A,07,0,1,0,0,0,0,0,0,0,"- ","- ",39.420398712158203,-123.35903167724609,MENDOCINO,UNINCORPORATED,-123.35958099365234,39.420982360839844
92243561,2023,2023-11-23,9150,2023-11-13,2026,021958,,1,2,9,2300,0,1,3,,2,016,"TALMAGE RD","BABCOCK LN",845.00,E,N,A,-,Y,MEN,,222," "," ",0.890,H,,R,N,2,0,1,2,D,-,00,,,F,G,B,E,A,H,-,D,D,0,Y,,,,Y,,-,"- ",1,0,0,0,1,0,0,0,0,"- ","- ",39.135341644287109,-123.18913269042969,MENDOCINO,UNINCORPORATED,-123.18914794921875,39.135299682617188
92243562,2023,2023-11-23,9150,2023-11-18,"515 ",022888,,6,3,9,2300,0,1,2,,1,010,US-101,"EASTSIDE RD",8976.00,S,N,C,G,Y,MEN,,101," "," ",7.990,H,,R,Y,2,0,1,1,A,-,03,22350,,N,E,I,A,B,H,-,B,D,0,,,,,Y,,A,01,1,0,0,0,0,0,0,0,0,"- ","- ",38.944488525390625,-123.08078002929688,MENDOCINO,UNINCORPORATED,-123.08046722412109,38.944568634033203
92243876,2023,2023-11-24,9150,2023-11-15,1955,020886,,3,2,9,2300,0,1,2,,1,031,US-101,SR-20,2640.00,S,N,B,-,Y,MEN,,101," ",R,42.750,H,,R,Y,2,0,1,1,A,-,08,22107,,N,F,A,A,A,D,-,D,A,0,,,,,Y,,A,01,1,0,0,0,0,0,0,0,0,"- ","- ",39.363521575927734,-123.31526184082031,MENDOCINO,UNINCORPORATED,-123.31519317626953,39.363517761230469
9224659,2021,2021-03-10,2301,2021-01-18,1541,60,2301,1,5,2,2301,0,0,0,,0,,"S FRANKLIN ST","NORTH HARBOR DR",0.00,,Y,A,-,N,,,,,,,,,,N,4,0,1,3,A,-,08,22100,B,N,H,G,A,A,H,-,A,D,0,,Y,,,Y,,A,01,0,0,1,0,0,0,1,0,0,"- ","- ",,,MENDOCINO,"FORT BRAGG",-123.80504608154297,39.428947448730469
92246640,2023,2023-11-28,9150,2023-11-11,"402 ",020886,,6,3,9,2300,0,1,2,,1,031,US-101,"BLACK BART DR",4224.00,N,N,E,-,Y,MEN,,101," "," ",41.690,H,,R,Y,1,1,0,2,C,-,18,,,M,G,1,A,B,D,-,D,D,0,,,,,Y,,-,"- ",0,0,0,0,0,0,0,0,0,"- ","- ",39.349521636962891,-123.32241821289062,MENDOCINO,UNINCORPORATED,-123.32231903076172,39.349529266357422
92246654,2023,2023-11-28,9150,2023-11-16,1050,015775,,4,1,9,2300,0,1,3,,1,015,SR-253,"STIPP LANE",50.00,E,N,B,-,Y,MEN,,253," "," ",16.592,H,,R,Y,1,1,1,2,A,-,08,22107,,N,A,C,A,A,H,-,A,D,0,,,,,Y,,A,01,0,1,0,0,0,0,0,0,0,"- ","- ",39.10443115234375,-123.20002746582031,MENDOCINO,UNINCORPORATED,-123.20002746582031,39.104427337646484
92246761,2023,2023-11-28,9126,2023-11-26,1940,022628,,7,2,9,2300,0,2,4,,2,005,"CRAWFORD ROAD","FOOTHILL BOULEVARD",0.00,,Y,A,-,N,,,,,,,,,,Y,3,0,1,1,A,-,01,23152,A,N,E,I,A,A,H,-,D,A,0,,,,,Y,Y,A,07,0,1,0,0,0,0,0,0,0,"- ","- ",39.795158386230469,-123.26225280761719,MENDOCINO,UNINCORPORATED,-123.26221466064453,39.795181274414062
92247056,2023,2023-11-28,9150,2023-11-18,1711,023140,,6,2,9,2300,0,1,3,,1,062,SR-1,"LITTLE RIVER-AIRPORT RD",795.00,S,N,C,G,Y,MEN,,1," "," ",47.347,H,,R,Y,4,0,2,2,A,-,05,21460,A,N,A,C,A,B,C,-,B,D,0,,,,,Y,,A,07,0,0,2,0,0,0,0,0,0,"- ","- ",39.266109466552734,-123.78549957275391,MENDOCINO,UNINCORPORATED,-123.78550720214844,39.266109466552734
92247062,2023,2023-11-28,9150,2023-11-18,2000,020886,,6,2,9,2300,0,2,4,,1,018,"S. STATE STREET","BEACON LN",400.00,S,N,B,C,N,,,,,,,,,,N,3,0,1,2,A,-,08,22107,,N,D,G,A,B,H,-,C,D,0,,Y,,,Y,,D,22,0,1,0,0,0,0,1,0,0,"- ","- ",39.1279296875,-123.20452117919922,MENDOCINO,UNINCORPORATED,-123.20442199707031,39.127902984619141
92247063,2023,2023-11-28,9150,2023-11-20,"835 ",022150,,1,1,9,2300,0,1,3,,1,064,SR-1,"SIMPSON RD",373.00,S,N,A,-,N,,,,,,,,,,Y,4,0,1,1,A,-,08,22107,,N,E,I,A,A,H,-,A,D,0,,,,,Y,,A,07,0,0,1,0,0,0,0,0,0,"- ","- ",39.509910583496094,-123.76479339599609,MENDOCINO,UNINCORPORATED,-123.76473236083984,39.509902954101562
92247095,2023,2023-11-28,9150,2023-11-08,1438,016075,,3,2,9,2300,0,1,2,,1,031,US-101,"BLACK BART DR.",0.00,,Y,A,-,Y,MEN,,101," "," ",40.884,H,,R,Y,3,0,2,3,A,-,08,22107,,N,A,C,A,A,D,-,A,D,0,,,,,Y,,A,01,0,2,0,0,0,0,0,0,0,"- ","- ",39.339908599853516,-123.31369018554688,MENDOCINO,UNINCORPORATED,-123.31356811523438,39.339984893798828
92248073,2023,2023-11-29,9150,2023-11-21,1659,021958,,2,2,9,2300,0,1,3,,1,037,SR-20,"IRMULCO RD.",13200.00,E,N,A,-,Y,MEN,,20," "," ",27.888,H,,R,Y,3,0,1,1,A,-,03,22350,,N,E,J,A,A,H,-,D,D,0,,,,,Y,,A,01,0,1,0,0,0,0,0,0,0,"- ","- ",39.387710571289062,-123.43498229980469,MENDOCINO,UNINCORPORATED,-123.43505096435547,39.387775421142578
92248985,2023,2023-11-30,9150,2023-11-26,2029,022888,,7,2,9,2300,0,1,3,,1,037,SR-20,"20 MEN 30",0.00,,Y,B,-,Y,MEN,,20," "," ",30.061,H,,R,N,4,0,1,1,A,-,01,23152,F,N,E,I,A,B,H,-,D,D,0,,,,,Y,,A,01,0,0,1,0,0,0,0,0,0,"- ","- ",39.393928527832031,-123.39736938476562,MENDOCINO,UNINCORPORATED,-123.39736175537109,39.393905639648438
92249391,2023,2023-11-30,9150,2023-11-21,1349,023540,,2,1,9,2300,0,1,3,,2,042,"SR 128","PHILO GREENWOOD RD",3168.00,E,N,A,-,Y,MEN,,128," "," ",20.754,H,,R,Y,3,0,3,2,A,-,03,22350,,N,C,C,A,A,H,-,A,D,0,,,,,Y,,A,07,0,1,2,0,0,0,0,0,0,"- ","- ",39.083099365234375,-123.47293853759766,MENDOCINO,UNINCORPORATED,-123.47296905517578,39.083076477050781
92250057,2023,2023-12-01,9150,2023-11-24,1609,022276,,5,2,9,2300,0,1,3,,1,062,SR-1,"RD 409",3168.00,S,N,A,-,Y,MEN,,1," ",R,53.981,H,,R,N,3,0,1,1,C,-,18,,,N,H,H,A,A,H,-,A,D,0,,,,,Y,,-,"- ",0,1,0,0,0,0,0,0,0,"- ","- ",39.347629547119141,-123.80864715576172,MENDOCINO,UNINCORPORATED,-123.80868530273438,39.347629547119141
92250058,2023,2023-12-01,9150,2023-11-26,1224,021804,,7,1,9,2300,0,1,3,,1,037,SR-20,"RIDGE RD",4224.00,W,N,A,-,Y,MEN,,20," "," ",30.127,H,,R,N,4,0,1,3,A,-,03,22350,,N,A,C,A,C,H,-,A,D,0,,,,,Y,,A,01,0,0,1,0,0,0,0,0,0,"- ","- ",39.393878936767578,-123.39608764648438,MENDOCINO,UNINCORPORATED,-123.39612579345703,39.393779754638672
92250083,2023,2023-12-01,9150,2023-11-30,2050,022888,,4,2,9,2300,0,1,2,,2,021,US-101,"PERKINS ST. OFFRAMP",500.00,N,N,A,-,Y,MEN,,101," ",R,24.715,H,,R,Y,3,0,1,1,A,-,01,23152,F,N,E,I,A,A,H,-,D,D,0,,,,,Y,,A,01,0,1,0,0,0,0,0,0,0,"- ","- ",39.154289245605469,-123.19724273681641,MENDOCINO,UNINCORPORATED,-123.19709014892578,39.154308319091797
92254373,2023,2023-12-06,9150,2023-11-24,2220,023008,,5,3,9,2300,0,1,3,,1,013,"SR-175 W/B","ADOBE CREEK RD",7392.00,E,N,A,-,N,,,,,,,,,,Y,2,0,1,1,A,-,01,23152,A,M,E,I,A,A,H,-,D,A,0,,,,,Y,Y,A,01,1,0,0,0,0,0,0,0,0,"- ","- ",38.988300323486328,-122.98919677734375,MENDOCINO,UNINCORPORATED,-122.98919677734375,38.988346099853516
92256155,2023,2023-12-07,9150,2023-11-13,"745 ",022150,,1,1,9,2300,0,3,5,,2,006,"ALBION RIDGE RD","MIDDLE RIDGE RD",3696.00,E,N,A,-,N,,,,,,,,,,Y,1,1,0,1,A,-,03,22350,,N,E,I,A,A,H,-,A,D,0,,,,,Y,,D,22,0,0,0,0,0,0,0,0,0,"- ","- ",39.206489562988281,-123.70069122314453,MENDOCINO,UNINCORPORATED,-123.70084381103516,39.206169128417969
92256164,2023,2023-12-07,9150,2023-12-03,1425,023140,,7,2,9,2300,0,3,5,,2,006,"OLD WILLITS RD",SR-20,40.00,N,N,A,-,N,,,,,,,,,,Y,3,0,1,1,A,-,01,23152,A,N,E,I,A,A,H,-,A,D,0,,,,,Y,Y,A,01,0,1,0,0,0,0,0,0,0,"- ","- ",39.419181823730469,-123.79781341552734,MENDOCINO,UNINCORPORATED,-123.79769897460938,39.419036865234375
92256534,2023,2023-12-07,9150,2023-12-01,1434,023140,,5,2,9,2300,0,1,3,,1,052,SR-1,"SEA CYPRESS DRIVE",7920.00,N,N,C,-,Y,MEN,,1," "," ",27.036,H,,R,Y,2,0,1,2,A,-,05,21460,A,N,A,C,A,B,H,-,A,D,0,,,Y,,Y,,C,02,1,0,0,0,0,0,0,0,1,"- ","- ",39.049980163574219,-123.68476104736328,MENDOCINO,UNINCORPORATED,-123.68474578857422,39.049968719482422
92257271,2022,2023-12-08,9150,2022-12-26,0115,022557,,1,3,9,2300,0,2,4,,2,026,"EEL RIVER RD","GIBSON LN",1548.00,S,N,E,-,N,,,,,,,,,,N,1,1,3,2,A,-,01,23152,A,N,A,C,A,B,H,-,D,D,0,,,,,Y,Y,A,07,3,0,0,0,0,0,0,0,0,"- ","- ",39.332389831542969,-123.10115051269531,MENDOCINO,UNINCORPORATED,-123.10116577148438,39.332366943359375
92259803,2023,2023-12-12,9150,2023-12-02,1630,020886,,6,2,9,2300,0,1,3,,1,037,SR-20,"HOLLANDS LN",360.00,N,N,B,C,Y,MEN,,20," ",L,35.034,H,,R,N,4,0,1,2,A,-,05,21460,A,F,B,C,A,B,H,-,B,D,0,,,,,Y,,A,01,0,0,1,0,0,0,0,0,0,"- ","- ",39.378921508789062,-123.33994293212891,MENDOCINO,UNINCORPORATED,-123.33992767333984,39.378929138183594
92259886,2023,2023-12-12,9150,2023-12-05,"529 ",023109,,2,3,9,2300,0,1,2,,2,022,US-101,"CENTER ST",95.00,E,N,E,-,Y,,,,,,,,,,Y,4,0,1,1,A,-,08,22107,,N,E,I,A,B,H,-,C,D,0,,,,,Y,,A,01,0,0,1,0,0,0,0,0,0,"- ","- ",39.231521606445312,-123.20883941650391,MENDOCINO,UNINCORPORATED,-123.20822906494141,39.231578826904297
92259889,2023,2023-12-12,9150,2023-12-02,1851,023140,,6,2,9,2300,0,3,5,,2,006,"SIMPSON LANE",SR-1,100.00,E,N,C,-,N,,,,,,,,,,Y,3,0,2,2,A,-,01,23152,A,N,A,C,A,B,H,-,C,D,0,,,,Y,Y,Y,F,26,0,1,1,0,0,0,0,0,0,"- ","- ",39.412399291992188,-123.80776977539062,MENDOCINO,UNINCORPORATED,-123.80829620361328,39.412124633789062
92260138,2023,2023-12-12,9150,2023-12-04,1845,021958,,1,2,9,2300,0,1,3,,2,042,SR-128,"ROSSI RD",50.00,E,N,A,-,Y,MEN,,128," "," ",29.072,H,,R,N,2,0,1,2,A,-,10,21954,B,N,G,B,D,A,H,-,D,D,0,Y,,,,Y,,D,22,1,0,0,0,1,0,0,0,0,"- ","- ",39.005290985107422,-123.36376953125,MENDOCINO,UNINCORPORATED,-123.36378479003906,39.005283355712891
92261341,2023,2023-12-13,9126,2023-11-21,2235,022747,,2,3,9,2300,0,1,3,,2,050,SR-162,"EAST LANE",1056.00,E,N,A,-,Y,MEN,,162," "," ",29.374,H,,R,Y,3,0,2,1,A,-,01,23152,A,N,E,8,A,A,H,-,D,D,0,,,,,Y,Y,A,01,0,2,0,0,0,0,0,0,0,"- ","- ",39.796909332275391,-123.24815368652344,MENDOCINO,UNINCORPORATED,-123.24814605712891,39.796909332275391
92261490,2023,2023-12-15,9126,2023-10-30,1715,022466,,1,2,9,2300,0,1,2,,2,055,"US-101 N/B","HARGUS ROAD",2565.00,S,N,A,-,Y,MEN,,101," "," ",76.145,H,,R,Y,2,0,1,1,A,-,03,22350,,N,F,0,A,A,H,-,A,A,0,,,,Y,Y,,G,25,1,0,0,0,0,0,0,0,0,"- ","- ",39.767749786376953,-123.5438232421875,MENDOCINO,UNINCORPORATED,-123.5439453125,39.767681121826172
92262054,2023,2023-12-14,9126,2023-12-02,2345,022610,,6,3,9,2300,0,3,5,,2,007,"BIRCH STREET","SHERWOOD ROAD",1056.00,W,N,C,-,N,,,,,,,,,,Y,3,0,1,1,A,-,01,23152,A,N,F,A,A,B,H,-,D,D,0,,,,,Y,Y,D,22,0,1,0,0,0,0,0,0,0,"- ","- ",39.43170166015625,-123.37626647949219,MENDOCINO,UNINCORPORATED,-123.37857055664062,39.432529449462891
92263232,2023,2023-12-15,9150,2023-12-13,1420,023540,,3,2,9,2300,0,1,2,,1,010,"UNITED STATES HIGHWAY 101","COMMINSKY STATION RD",8448.00,N,N,A,-,Y,,,,,,,,,,Y,3,0,1,1,A,-,08,22107,,N,E,I,A,A,H,-,A,D,0,,,,,Y,,A,07,0,1,0,0,0,0,0,0,0,"- ","- ",38.911308288574219,-123.09349060058594,MENDOCINO,UNINCORPORATED,-123.05459594726562,38.908287048339844
92265841,2023,2023-12-19,9150,2023-12-15,1425,023140,,5,2,9,2300,0,3,5,,2,006,"SIMPSON LANE",SR-1,1320.00,E,N,A,-,N,,,,,,,,,,N,3,0,1,2,A,-,09,21804,A,N,F,0,A,A,H,-,A,D,0,,Y,,,Y,,D,22,0,1,0,0,0,0,1,0,0,"- ","- ",39.412281036376953,-123.80355834960938,MENDOCINO,UNINCORPORATED,-123.80829620361328,39.412124633789062
92267582,2023,2023-12-20,9150,2023-12-19,1510,022150,,2,2,9,2300,0,1,3,,1,062,SR-1,"SIMPSON LN",0.00,,Y,A,-,Y,MEN,,1," "," ",59.280,H,,R,Y,4,0,1,1,A,-,03,22350,,N,E,8,A,A,H,-,A,A,0,,,,,Y,,A,01,0,0,1,0,0,0,0,0,0,"- ","- ",39.4127197265625,-123.80840301513672,MENDOCINO,UNINCORPORATED,-123.80821228027344,39.412757873535156
92268075,2023,2023-12-21,9150,2023-12-14,1500,022276,,4,2,9,2300,0,1,3,,2,061,SR-128,"FLYNN CREEK RD",19536.00,W,N,A,-,Y,MEN,,128," "," ",7.890,H,,R,N,3,0,1,2,A,-,03,22350,,N,B,C,A,B,H,-,A,D,0,,,,Y,Y,,A,01,0,1,0,0,0,0,0,0,0,"- ","- ",39.157218933105469,-123.63710021972656,MENDOCINO,UNINCORPORATED,-123.63710784912109,39.157215118408203
92268672,2023,2023-12-21,9126,2023-12-14,"345 ",022730,,4,3,9,2300,0,1,2,,1,077,US-101,"RYAN CREEK ROAD",5280.00,N,N,A,-,Y,MEN,,101," "," ",53.423,H,,R,Y,2,0,2,2,A,-,21,22106,,N,A,C,A,A,H,-,D,D,0,,,,Y,Y,,A,07,1,1,0,0,0,0,0,0,0,"- ","- ",39.496578216552734,-123.3680419921875,MENDOCINO,UNINCORPORATED,-123.36807250976562,39.496551513671875
92269333,2023,2023-12-22,9150,2023-12-18,1332,023540,,1,1,9,2300,0,1,2,,2,021,US-101,"NORTH STATE STREET UNDER CROSSING",865.00,S,N,B,C,Y,MEN,,101," ",R,26.011,H,,R,Y,3,0,2,2,A,-,03,22350,,N,C,C,A,B,H,-,A,D,0,,,,,Y,,D,22,0,2,0,0,0,0,0,0,0,"- ","- ",39.169609069824219,-123.20916748046875,MENDOCINO,UNINCORPORATED,-123.20899963378906,39.169784545898438
92269589,2023,2023-12-22,9126,2023-11-12,1240,022610,,7,1,9,2300,0,1,2,,1,077,US-101,"STEELE LANE",2640.00,N,N,A,-,Y,MEN,,101," ",R,67.305,H,,R,Y,1,1,0,1,A,-,08,22107,,N,E,I,A,A,H,-,A,D,0,,,,,Y,,A,07,0,0,0,0,0,0,0,0,0,"- ","- ",39.658428192138672,-123.47769165039062,MENDOCINO,UNINCORPORATED,-123.47766876220703,39.658432006835938
92269666,2023,2023-12-22,9150,2023-12-18,1135,021804,,1,1,9,2300,0,1,2,,1,031,US-101,"GOLDEN RULE RV PARK",317.00,S,N,B,C,Y,MEN,,101," "," ",39.585,H,,R,Y,4,0,1,1,A,-,08,22107,,N,E,I,A,B,H,-,A,D,0,,,,,Y,,A,01,0,0,1,0,0,0,0,0,0,"- ","- ",39.3231201171875,-123.30097198486328,MENDOCINO,UNINCORPORATED,-123.30096435546875,39.3231201171875
92270897,2023,2023-12-26,9150,2023-12-18,1448,023540,,1,2,9,2300,0,1,3,,2,016,"TALMAGE RD","BABCOCK LANE",0.00,,Y,B,C,Y,MEN,,222," ",R,0.186,H,,R,Y,3,0,3,3,A,-,01,23152,A,F,D,C,A,B,H,-,A,D,0,,,Y,,Y,Y,D,22,0,3,0,0,0,0,0,0,2,"- ","- ",39.136081695556641,-123.192138671875,MENDOCINO,UNINCORPORATED,-123.192138671875,39.136066436767578
92271010,2023,2023-12-26,9150,2023-12-22,"215 ",022888,,5,3,9,2300,0,3,5,,2,003,"EAST VALLEY RD.","CENTER VALLEY RD.",0.00,,Y,A,-,N,,,,,,,,,,Y,4,0,1,1,A,-,01,23152,A,N,E,8,A,A,H,-,C,A,0,,,,,Y,Y,D,22,0,0,1,0,0,0,0,0,0,"- ","- ",39.409629821777344,-123.33603668212891,MENDOCINO,UNINCORPORATED,-123.34699249267578,39.409477233886719
92271377,2023,2023-12-26,9126,2023-12-11,1750,022747,,1,2,9,2300,0,1,2,,1,077,US-101,"RYAN CREEK ROAD",528.00,N,N,B,-,Y,MEN,,101," "," ",52.669,H,,R,Y,2,0,1,2,A,-,01,23152,A,N,B,2,A,A,H,-,D,D,0,,,,,Y,Y,D,22,1,0,0,0,0,0,0,0,0,"- ","- ",39.486000061035156,-123.36061096191406,MENDOCINO,UNINCORPORATED,-123.360595703125,39.486003875732422
92271557,2023,2023-12-26,9126,2023-12-19,"935 ",022628,,2,1,9,2300,0,1,2,,1,077,US-101,"SHIMMINS RIDGE ROAD",5280.00,N,N,C,-,Y,MEN,,101," "," ",55.864,H,,R,Y,3,0,1,1,A,-,03,22350,,N,E,8,A,B,H,-,A,D,0,,,,,Y,,A,01,0,1,0,0,0,0,0,0,0,"- ","- ",39.522449493408203,-123.39389801025391,MENDOCINO,UNINCORPORATED,-123.39392852783203,39.522418975830078
92274231,2023,2023-12-28,9150,2023-12-19,2118,021816,,2,2,9,2300,0,1,2,,1,012,US-101,"1ST STREET",260.00,N,N,C,-,Y,MEN,,101," "," ",11.123,H,,R,Y,2,0,1,2,A,-,03,22350,,N,E,E,A,B,H,-,C,D,0,,,,,Y,,A,01,1,0,0,0,0,0,0,0,0,"- ","- ",38.974468231201172,-123.11572265625,MENDOCINO,UNINCORPORATED,-123.11566925048828,38.974456787109375
92274871,2023,2023-12-29,9150,2023-12-27,1017,019107,,3,1,9,2300,0,1,3,,2,041,SR-128,"HULBERT RD",278.00,W,N,B,C,Y,MEN,,128," "," ",40.236,H,,R,Y,2,0,1,1,A,-,08,22107,,N,E,I,A,B,H,-,A,D,0,,,,,Y,,A,01,1,0,0,0,0,0,0,0,0,"- ","- ",38.90740966796875,-123.23407745361328,MENDOCINO,UNINCORPORATED,-123.234130859375,38.907321929931641
92274970,2023,2023-12-29,9150,2023-12-21,1154,023557,,4,1,9,2300,0,2,4,,1,023,"MOORE STREET","NORTH STATE STREET",87.00,E,N,A,-,N,,,,,,,,,,N,3,0,1,2,A,-,08,22107,,N,F,A,A,A,H,-,A,D,0,,Y,,,Y,,L,04,0,1,0,0,0,0,1,0,0,"- ","- ",39.2335205078125,-123.20227813720703,MENDOCINO,UNINCORPORATED,-123.20224761962891,39.233497619628906
92276459,2023,2024-01-02,9151,2023-12-15,1650,023308,,5,2,9,2300,0,1,S,,2,904,"US 101","OLD RIVER ROAD",158.00,S,N,A,-,Y,MEN,,101," "," ",8.867,H,,R,N,4,0,1,2,A,-,08,22107,,N,D,C,A,A,H,-,B,D,0,,,,,Y,,-,"- ",0,0,1,0,0,0,0,0,0,"- ","- ",38.951450347900391,-123.09323120117188,MENDOCINO,UNINCORPORATED,-123.09323120117188,38.951454162597656
92278467,2023,2024-01-03,9150,2023-12-28,1839,022276,,4,2,9,2300,0,3,5,,2,005,"FISH ROCK RD","TOCK LN",1056.00,E,N,B,C,N,,,,,,,,,,N,3,0,1,1,A,-,08,22107,,N,F,A,A,B,H,-,D,D,0,,,,,Y,,A,01,0,1,0,0,0,0,0,0,0,"- ","- ",38.817550659179688,-123.58426666259766,MENDOCINO,UNINCORPORATED,-123.58428955078125,38.816875457763672
92278472,2023,2024-01-03,9150,2023-12-29,1211,022276,,5,1,9,2300,0,1,3,,2,061,SR-128,"FLYNN CREEK RD",22704.00,W,N,B,C,Y,MEN,,128," "," ",7.325,H,,R,N,3,0,1,1,A,-,08,22107,,N,E,I,A,B,H,-,A,D,0,,,,,Y,,A,01,0,1,0,0,0,0,0,0,0,"- ","- ",39.164791107177734,-123.64021301269531,MENDOCINO,UNINCORPORATED,-123.64006042480469,39.16485595703125