CASE_ID,ACCIDENT_YEAR,PROC_DATE,JURIS,COLLISION_DATE,COLLISION_TIME,OFFICER_ID,REPORTING_DISTRICT,DAY_OF_WEEK,CHP_SHIFT,POPULATION,CNTY_CITY_LOC,SPECIAL_COND,BEAT_TYPE,CHP_BEAT_TYPE,CITY_DIVISION_LAPD,CHP_BEAT_CLASS,BEAT_NUMBER,PRIMARY_RD,SECONDARY_RD,DISTANCE,DIRECTION,INTERSECTION,WEATHER_1,WEATHER_2,STATE_HWY_IND,CALTRANS_COUNTY,CALTRANS_DISTRICT,STATE_ROUTE,ROUTE_SUFFIX,POSTMILE_PREFIX,POSTMILE,LOCATION_TYPE,RAMP_INTERSECTION,SIDE_OF_HWY,TOW_AWAY,COLLISION_SEVERITY,NUMBER_KILLED,NUMBER_INJURED,PARTY_COUNT,PRIMARY_COLL_FACTOR,PCF_CODE_OF_VIOL,PCF_VIOL_CATEGORY,PCF_VIOLATION,PCF_VIOL_SUBSECTION,HIT_AND_RUN,TYPE_OF_COLLISION,MVIW,PED_ACTION,ROAD_SURFACE,ROAD_COND_1,ROAD_COND_2,LIGHTING,CONTROL_DEVICE,CHP_ROAD_TYPE,PEDESTRIAN_ACCIDENT,BICYCLE_ACCIDENT,MOTORCYCLE_ACCIDENT,TRUCK_ACCIDENT,NOT_PRIVATE_PROPERTY,ALCOHOL_INVOLVED,STWD_VEHTYPE_AT_FAULT,CHP_VEHTYPE_AT_FAULT,COUNT_SEVERE_INJ,COUNT_VISIBLE_INJ,COUNT_COMPLAINT_PAIN,COUNT_PED_KILLED,COUNT_PED_INJURED,COUNT_BICYCLIST_KILLED,COUNT_BICYCLIST_INJURED,COUNT_MC_KILLED,COUNT_MC_INJURED,PRIMARY_RAMP,SECONDARY_RAMP,LATITUDE,LONGITUDE,COUNTY,CITY,POINT_X,POINT_Y
94366151,2024,2024-08-22,9150,2024-08-15,1300,023985,,4,1,9,2300,0,1,3,,1,064,SR-1,"MILE POST MARKER 1 MEN 70.50",376.50,S,N,A,-,Y,MEN,,1," "," ",70.458,H,,R,Y,3,0,1,1,A,-,08,22107,,N,F,I,A,A,H,-,A,D,0,,,Y,,Y,,C,02,0,1,0,0,0,0,0,0,1,"- ","- ",39.55712890625,-123.76329040527344,MENDOCINO,UNINCORPORATED,-123.76332855224609,39.557121276855469
94368696,2024,2024-08-26,9126,2024-08-07,1800,023915,,3,2,9,2300,0,3,5,,2,555,"SPYROCK ROAD","CRESTVIEW ROAD",33264.00,E,N,A,-,N,,,,,,,,,,N,4,0,1,2,A,-,17,21662,A,M,A,C,A,A,H,-,A,D,0,,,,,Y,,D,22,0,0,1,0,0,0,0,0,0,"- ","- ",39.869110107421875,-123.44258880615234,MENDOCINO,UNINCORPORATED,-123.54235076904297,39.797870635986328
94369841,2024,2024-08-26,9126,2024-07-31,2224,023906,,3,3,9,2300,0,2,4,,2,005,"HOPPER LANE","LEDGER LANE",638.78,W,N,A,-,N,,,,,,,,,,Y,2,0,1,1,A,-,01,23152,A,N,E,8,A,A,H,-,D,D,0,,,,,Y,Y,D,22,1,0,0,0,0,0,0,0,0,"- ","- ",39.8243408203125,-123.25517272949219,MENDOCINO,UNINCORPORATED,-123.25511169433594,39.8243408203125
94370047,2024,2024-08-26,9126,2024-07-12,"1   ",023906,,5,3,9,2300,0,1,3,,2,050,SR-162,"DOS RIOS RD",10560.00,W,N,A,-,Y,MEN,,162," "," ",13.034,H,,R,N,3,0,1,1,A,-,03,22350,,N,F,A,A,A,H,-,D,D,0,,,,,Y,,A,01,0,1,0,0,0,0,0,0,0,"- ","- ",39.687519073486328,-123.35906219482422,MENDOCINO,UNINCORPORATED,-123.35899353027344,39.687522888183594
94370109,2024,2024-08-26,9126,2024-08-03,1429,023906,,6,2,9,2300,0,1,2,,1,077,"US 101","VINCENT LANE",2611.00,N,N,A,-,Y,MEN,,101," "," ",68.092,H,,R,N,3,0,2,2,A,-,05,21650,,N,B,C,A,A,H,-,A,D,0,,,,,Y,,A,07,0,2,0,0,0,0,0,0,0,"- ","- ",39.669570922851562,-123.47599029541016,MENDOCINO,UNINCORPORATED,-123.47602081298828,39.669570922851562
94370208,2024,2024-08-26,9126,2024-08-14,1157,024005,,3,1,9,2300,0,1,3,,2,010,SR-1,US-101,26400.00,S,N,A,-,Y,MEN,,1," "," ",100.353,H,,R,Y,3,0,1,1,A,-,08,22107,,N,E,I,A,A,D,-,A,D,0,,,Y,,Y,,C,02,0,1,0,0,0,0,0,0,1,"- ","- ",39.856891632080078,-123.76310729980469,MENDOCINO,UNINCORPORATED,-123.76280975341797,39.856952667236328
94375028,2024,2024-08-29,9126,2024-08-08,1840,023915,,4,2,9,2300,0,1,3,,2,050,SR-162,"FRAZIER LANE",0.00,,Y,A,-,Y,MEN,,162," "," ",32.002,H,,R,Y,3,0,3,2,A,-,05,21460,A,N,D,C,A,A,H,-,B,D,0,,,,,Y,,A,01,0,3,0,0,0,0,0,0,0,"- ","- ",39.816829681396484,-123.22464752197266,MENDOCINO,UNINCORPORATED,-123.22464752197266,39.816761016845703
94379654,2024,2024-09-03,9150,2024-08-21,2130,023973,,3,2,9,2300,0,1,3,,1,013,"SR-175 E/B","BUCKMAN DR.",2006.00,E,N,A,-,Y,MEN,,175," "," ",4.372,H,,R,Y,3,0,1,1,A,-,01,23152,A,N,E,8,A,A,H,-,D,D,0,,,,,Y,Y,A,07,0,1,0,0,0,0,0,0,0,"- ","- ",38.975189208984375,-123.04502868652344,MENDOCINO,UNINCORPORATED,-123.04502868652344,38.975196838378906
94380042,2024,2024-09-03,9150,2024-08-17,1240,023835,,6,1,9,2300,0,1,2,,1,031,US-101,"RIDGEWOOD RANCH ROAD",3168.00,S,N,B,C,Y,MEN,,101," ",R,39.029,H,,R,Y,1,1,0,1,A,-,03,22350,,N,E,8,A,B,H,-,A,D,0,,,,,Y,,A,01,0,0,0,0,0,0,0,0,0,"- ","- ",39.316059112548828,-123.30055236816406,MENDOCINO,UNINCORPORATED,-123.30046844482422,39.316127777099609
94380142,2024,2024-09-03,9150,2024-08-24,1505,023203,,6,2,9,2300,0,1,3,,1,065,SR-20,"SUMMERS LANE",792.00,E,N,A,-,Y,MEN,,20," "," ",2.162,H,,R,Y,3,0,1,1,A,-,08,22107,,N,E,8,A,A,H,-,A,D,0,,,,,Y,,D,22,0,1,0,0,0,0,0,0,0,"- ","- ",39.414878845214844,-123.76943969726562,MENDOCINO,UNINCORPORATED,-123.76942443847656,39.414924621582031
94380161,2024,2024-09-03,9150,2024-08-25,"30  ",016680,,7,3,9,2300,0,1,2,,1,031,"US 101","BLACK BART DR",2006.00,S,N,A,-,N,,,,,,,,,,N,4,0,1,1,C,-,18,,,N,E,H,A,A,H,-,D,D,0,,,,,Y,,-,"- ",0,0,1,0,0,0,0,0,0,"- ","- ",39.337150573730469,-123.30924987792969,MENDOCINO,UNINCORPORATED,-123.30799102783203,39.336650848388672
94382229,2024,2024-09-05,9150,2024-08-27,"844 ",023977,,2,1,9,2300,0,1,3,,1,024,"SR-20 E/B","MPM 41.69",215.00,E,N,A,-,Y,MEN,,20," ",R,41.721,H,,R,N,3,0,1,1,C,-,18,,,N,F,D,A,A,H,-,A,D,0,,,,,Y,,-,"- ",0,1,0,0,0,0,0,0,0,"- ","- ",39.214141845703125,-123.07305908203125,MENDOCINO,UNINCORPORATED,-123.07316589355469,39.213916778564453
94384704,2024,2024-09-06,9126,2024-08-31,2050,022466,,6,2,9,2300,0,1,2,,2,011,"US-101 N/B","SR-271 (SCANDIA OVERCROSSING)",11299.00,S,N,A,-,Y,MEN,,101," ",R,87.396,H,,R,Y,3,0,1,1,A,-,08,22107,,N,E,8,A,A,H,-,D,D,0,,,,,Y,,D,22,0,1,0,0,0,0,0,0,0,"- ","- ",39.830680847167969,-123.67469024658203,MENDOCINO,UNINCORPORATED,-123.67475128173828,39.830650329589844
94386549,2024,2024-09-09,9126,2024-08-27,1140,023906,,2,1,9,2300,0,1,2,,2,055,US-101,"TEN MILE CREEK ROAD",1584.00,S,N,A,-,Y,MEN,,101," "," ",70.236,H,,R,N,3,0,1,1,C,-,18,,,N,F,0,A,A,H,-,A,D,0,,,Y,,Y,,-,"- ",0,1,0,0,0,0,0,0,1,"- ","- ",39.697578430175781,-123.4854736328125,MENDOCINO,UNINCORPORATED,-123.48542785644531,39.697589874267578
94387335,2024,2024-09-09,9126,2024-08-24,"855 ",022731,,6,1,9,2300,0,1,2,,2,011,US-101,"MPM 101 MEN 97.24",13.00,N,N,C,-,Y,MEN,,101," "," ",97.210,H,,R,Y,3,0,2,1,A,-,03,22350,,N,E,I,A,B,H,-,A,D,0,,,,,Y,,D,22,0,1,1,0,0,0,0,0,0,"- ","- ",39.905311584472656,-123.74942016601562,MENDOCINO,UNINCORPORATED,-123.74936676025391,39.905311584472656
94387336,2024,2024-09-09,9126,2024-08-27,1336,023915,,2,1,9,2300,0,1,3,,2,050,SR-162,"MENDO DRIVE",31152.00,E,N,A,-,Y,MEN,,162," "," ",8.089,H,,R,Y,3,0,2,1,A,-,08,22107,,N,F,A,A,A,H,-,A,A,0,,,,,Y,,D,22,0,2,0,0,0,0,0,0,0,"- ","- ",39.624111175537109,-123.34686279296875,MENDOCINO,UNINCORPORATED,-123.34679412841797,39.624080657958984
94388729,2024,2024-09-10,9150,2024-08-30,1025,019107,,5,1,9,2300,0,1,3,,2,061,SR-1,"128 MEN 06.48",237.50,W,N,A,-,Y,MEN,,128," "," ",6.394,H,,R,Y,4,0,1,1,A,-,08,22107,,N,E,I,A,B,H,-,A,D,0,,,,,Y,,A,01,0,0,1,0,0,0,0,0,0,"- ","- ",39.161529541015625,-123.65299224853516,MENDOCINO,UNINCORPORATED,-123.65304565429688,39.161476135253906
94389189,2024,2024-09-10,9126,2024-08-28,1416,023915,,3,2,9,2300,0,2,4,,1,001,"BRANSCOMB ROAD","NORTH RD",98.00,W,N,A,-,N,,,,,,,,,,Y,2,0,1,1,A,-,01,23152,F,N,E,I,A,A,H,-,A,D,0,,,,,Y,,A,07,1,0,0,0,0,0,0,0,0,"- ","- ",39.680210113525391,-123.49504852294922,MENDOCINO,UNINCORPORATED,-123.50944519042969,39.673271179199219
9439015,2022,2022-05-26,2303,2022-03-28,2109,4B73,2303,1,5,3,2303,0,0,0,,0,001,"SOUTH STATE ST","OBSERVATORY AV",0.00,,Y,B,-,N,,,,,,,,,,N,2,0,1,2,A,-,10,21950,A,N,G,B,D,B,H,-,C,D,0,Y,,,Y,Y,Y,F,26,1,0,0,0,1,0,0,0,0,"- ","- ",,,MENDOCINO,UKIAH,-123.20561981201172,39.137832641601562
9439016,2022,2022-05-20,2303,2022-04-08,1806,106,2303,5,5,3,2303,0,0,0,,0,001,"E PERKINGS ST","HOSPITAL DR",0.00,,Y,A,-,N,,,,,,,,,,Y,3,0,2,2,A,-,08,22107,,N,C,C,A,A,H,-,A,A,0,,,,,Y,,D,22,0,2,0,0,0,0,0,0,0,"- ","- ",,,MENDOCINO,UKIAH,-123.2032470703125,39.150737762451172
9439018,2022,2022-05-20,2303,2022-04-02,1752,108,2303,6,5,3,2303,0,0,0,,0,001,"OAK MANOR DR","YOSEMITE DR",0.00,,Y,A,-,N,,,,,,,,,,Y,4,0,2,2,A,-,09,21802,A,N,D,C,A,A,H,-,A,D,0,,,,,Y,,A,01,0,0,2,0,0,0,0,0,0,"- ","- ",,,MENDOCINO,UKIAH,-123.19259643554688,39.150531768798828
94390269,2024,2024-09-11,9126,2024-09-06,1430,022602,,5,2,9,2300,0,1,3,,2,010,SR-1,US-101,10560.00,S,N,A,-,N,,,,,,,,,,N,3,0,1,1,A,-,08,22107,,N,E,I,A,A,H,-,A,D,0,,,Y,,Y,,C,02,0,1,0,0,0,0,0,0,1,"- ","- ",39.848869323730469,-123.73918914794922,MENDOCINO,UNINCORPORATED,-123.73302459716797,39.850700378417969
94390560,2024,2024-09-11,9150,2024-09-05,1054,023961,,4,1,9,2300,0,1,2,,1,010,"US 101","COMMISKY STATION RD",0.00,,Y,A,-,Y,MEN,,101," "," ",3.059,H,,L,Y,2,0,1,2,A,-,09,21802,,N,D,C,A,A,H,-,A,A,0,,,Y,,Y,,C,02,1,0,0,0,0,0,0,0,1,"- ","- ",38.887401580810547,-123.0535888671875,MENDOCINO,UNINCORPORATED,-123.05365753173828,38.887409210205078
94391167,2024,2024-09-12,9150,2024-08-29,"441 ",023109,,4,3,9,2300,0,3,5,,2,002,US-101,"MOORE STREET AND US-101 ON RAMP",0.00,,Y,A,-,N,,,,,,,,,,N,4,0,2,2,A,-,12,22450,A,N,D,2,A,A,H,-,C,A,0,,,,,Y,,A,01,0,0,2,0,0,0,0,0,0,"- ","- ",39.234321594238281,-123.20771026611328,MENDOCINO,UNINCORPORATED,-123.20815277099609,39.234294891357422
94392991,2024,2024-09-13,9150,2024-08-30,2239,023724,,5,3,9,2300,0,1,2,,2,021,US-101,"MPM 24.06",247.00,S,N,A,-,Y,MEN,,101," ",R,24.010,H,,R,Y,2,0,3,2,A,-,01,23152,A,N,C,C,A,A,H,-,D,D,0,,,,,Y,Y,A,01,1,2,0,0,0,0,0,0,0,"- ","- ",39.144100189208984,-123.1964111328125,MENDOCINO,UNINCORPORATED,-123.19619750976562,39.144107818603516
94393135,2024,2024-09-13,9150,2024-09-02,"355 ",023713,,1,3,9,2300,0,1,2,,2,021,"US-101 NORTHBOUND OFFRAMP TO GOBBI STREET","GOBBI STREET",294.00,N,N,A,-,Y,MEN,,101," ",R,24.119,H,,R,Y,3,0,1,1,A,-,08,22107,,N,E,8,A,A,H,-,D,D,0,,,,,Y,,A,01,0,1,0,0,0,0,0,0,0,"- ","- ",39.145709991455078,-123.19596862792969,MENDOCINO,UNINCORPORATED,-123.19629669189453,39.145694732666016
94393692,2024,2024-09-13,9150,2024-09-03,1710,019107,,2,2,9,2300,0,1,3,,1,065,SR-20,"THREE CHOP RD",8290.00,E,N,A,-,Y,MEN,,20," "," ",11.996,H,,R,Y,2,0,1,1,B,-,22,,,N,F,I,A,A,H,-,A,D,0,,,,,Y,Y,D,22,1,0,0,0,0,0,0,0,0,"- ","- ",39.357089996337891,-123.63150787353516,MENDOCINO,UNINCORPORATED,-123.63149261474609,39.35711669921875
94395594,2024,2024-09-16,9150,2024-09-10,2000,023977,,2,2,9,2300,0,3,5,,2,002,"VICHY SPRINGS RD","OAK MANOR DR",540.00,E,N,A,-,N,,,,,,,,,,Y,4,0,1,1,A,-,08,22107,,N,E,I,A,A,H,-,D,D,0,,,,,Y,,A,01,0,0,1,0,0,0,0,0,0,"- ","- ",39.15203857421875,-123.19090270996094,MENDOCINO,UNINCORPORATED,-123.19094085693359,39.151988983154297
94396742,2024,2024-09-17,9150,2024-09-07,1552,023985,,6,2,9,2300,0,1,3,,2,061,SR-128,SR-1,32102.00,W,N,A,-,Y,MEN,,128," "," ",5.995,H,,R,Y,4,0,1,1,A,-,08,22107,,N,E,I,A,A,H,-,A,D,0,,,,,Y,,-,"- ",0,0,1,0,0,0,0,0,0,"- ","- ",39.165019989013672,-123.65869140625,MENDOCINO,UNINCORPORATED,-123.65861511230469,39.1650390625
94396762,2024,2024-09-17,9150,2024-08-31,1415,023122,,6,2,9,2300,0,1,2,,2,022,"HOLLANDS LN","TREMBLY CT",0.00,,Y,A,-,N,,,,,,,,,,Y,4,0,1,2,A,-,09,21804,A,N,D,C,A,A,H,-,A,D,0,,,,,Y,,A,01,0,0,1,0,0,0,0,0,0,"- ","- ",39.379360198974609,-123.34178161621094,MENDOCINO,UNINCORPORATED,-123.34220886230469,39.380912780761719
94399619,2024,2024-09-18,9150,2024-09-07,1740,023540,,6,2,9,2300,0,1,3,,1,037,"SR-20 WEST","IRMULCO ROAD",4100.00,E,N,A,-,Y,MEN,,20," "," ",27.438,H,,R,N,4,0,1,1,A,-,08,22107,,N,E,I,A,A,H,-,A,D,0,,,,Y,Y,,F,27,0,0,1,0,0,0,0,0,0,"- ","- ",39.389060974121094,-123.44287872314453,MENDOCINO,UNINCORPORATED,-123.44297027587891,39.389015197753906
94399656,2024,2024-09-18,9150,2024-08-28,2025,018977,,3,2,9,2300,0,2,4,,2,026,"CUTOFF RD","EEL RIVER RD",800.00,N,N,A,-,N,,,,,,,,,,Y,3,0,1,2,A,-,01,23152,A,N,A,C,A,A,H,-,D,D,0,,,,,Y,Y,A,01,0,1,0,0,0,0,0,0,0,"- ","- ",39.37493896484375,-123.10568237304688,MENDOCINO,UNINCORPORATED,-123.10646820068359,39.374549865722656
94400189,2024,2024-09-19,9150,2024-09-13,2020,023835,,5,2,9,2300,0,2,4,,1,023,"NORTH STATE STREET","POMO LN",0.00,,Y,A,-,N,,,,,,,,,,Y,3,0,2,2,A,-,09,21801,A,N,D,C,A,A,H,-,C,D,0,,,,,Y,,A,07,0,1,1,0,0,0,0,0,0,"- ","- ",39.207729339599609,-123.20355224609375,MENDOCINO,UNINCORPORATED,-123.20347595214844,39.207744598388672
94400729,2024,2024-09-19,9150,2024-09-10,1400,023977,,2,2,9,2300,0,2,4,,1,018,"S STATE STREET","LAWS AVENUE",244.00,N,N,A,-,N,,,,,,,,,,Y,3,0,2,2,A,-,09,21801,A,N,A,C,A,A,H,-,A,D,0,,,,,Y,,A,07,0,2,0,0,0,0,0,0,0,"- ","- ",39.126930236816406,-123.20449829101562,MENDOCINO,UNINCORPORATED,-123.20445251464844,39.126819610595703
94402525,2024,2024-09-20,9126,2024-09-05,2246,023800,,4,3,9,2300,0,2,4,,2,005,"MENDOCINO PASS ROAD","40964 MENDOCINO PASS ROAD",1000.00,E,N,A,-,N,,,,,,,,,,N,3,0,1,1,A,-,17,21662,,N,E,I,A,A,H,-,D,D,0,,,,,Y,,D,22,0,1,0,0,0,0,0,0,0,"- ","- ",39.813369750976562,-122.99410247802734,MENDOCINO,UNINCORPORATED,-123.18838500976562,39.826320648193359
94402584,2024,2024-09-20,9126,2024-08-19,1619,023800,,1,2,9,2300,0,2,4,,2,005,"PERRY STREET","SCHOOL STREET",67.00,S,N,A,-,N,,,,,,,,,,N,3,0,2,2,A,-,08,22107,,N,B,4,A,A,H,-,A,D,0,,,,,Y,,A,01,0,1,1,0,0,0,0,0,0,"- ","- ",39.791709899902344,-123.25038909912109,MENDOCINO,UNINCORPORATED,,
94406671,2024,2024-09-24,9150,2024-09-16,2030,022150,,1,2,9,2300,0,3,5,,2,006,"SIMPSON LN","FRANKLIN RD",2211.00,E,N,A,-,N,,,,,,,,,,N,4,0,1,1,A,-,01,23152,A,N,E,I,A,A,H,-,D,D,0,,,,,Y,Y,D,22,0,0,1,0,0,0,0,0,0,"- ","- ",39.391380310058594,-123.76432037353516,MENDOCINO,UNINCORPORATED,-123.76432800292969,39.391376495361328
94409755,2024,2024-09-26,9150,2024-09-18,1302,019107,,3,1,9,2300,0,1,3,,1,062,SR-1,"LAUREL GULCH",735.00,N,N,A,-,Y,MEN,,1," "," ",35.151,H,,R,Y,3,0,1,2,A,-,08,22105,,N,D,C,A,A,H,-,A,D,0,,,,,Y,,A,01,0,1,0,0,0,0,0,0,0,"- ","- ",39.141521453857422,-123.7275390625,MENDOCINO,UNINCORPORATED,-123.72753143310547,39.141536712646484
94409758,2024,2024-10-09,9150,2024-09-18,1401,016075,,3,2,9,2300,0,2,4,,1,023,"N. STATE ST.","US-101 O/C",1056.00,N,N,A,-,N,,,,,,,,,,Y,4,0,1,2,C,-,18,,,N,A,C,A,A,H,-,A,D,0,,,,,Y,,-,"- ",0,0,1,0,0,0,0,0,0,"- ","- ",39.174980163574219,-123.21109771728516,MENDOCINO,UNINCORPORATED,-123.23930358886719,39.270221710205078
94409853,2024,2024-09-26,9150,2024-09-20,1745,023308,,5,2,9,2300,0,1,2,,1,031,"US 101","MOBILE VILLAGE RD",2957.00,S,N,A,-,Y,MEN,,101," ",R,38.877,H,,L,Y,4,0,1,1,A,-,17,21711,,N,E,I,A,A,H,-,A,D,0,,,,,Y,,B,01,0,0,1,0,0,0,0,0,0,"- ","- ",39.314640045166016,-123.29869842529297,MENDOCINO,UNINCORPORATED,-123.29865264892578,39.314670562744141
94409950,2024,2024-09-26,9126,2024-07-01,2105,022628,,1,2,9,2300,0,2,4,,1,003,"HARMON DRIVE",US-101,1056.00,N,N,A,-,N,,,,,,,,,,Y,1,1,0,1,A,-,01,23152,A,N,E,I,A,A,H,-,B,D,0,,,Y,,Y,Y,C,02,0,0,0,0,0,0,0,1,0,"- ","- ",39.686248779296875,-123.47943115234375,MENDOCINO,UNINCORPORATED,-123.47969818115234,39.686679840087891
9441449,2022,2022-05-19,2303,2022-03-17,1552,4C7,2303,4,5,3,2303,0,0,0,,0,002,"ORCHARD AV","UKIAH UTILITY POLE 11-4",57.00,N,N,A,-,N,,,,,,,,,,Y,3,0,1,2,A,-,08,22107,,N,A,C,A,A,H,-,A,D,0,,,,,Y,,A,01,0,1,0,0,0,0,0,0,0,"- ","- ",,,MENDOCINO,UKIAH,,
9441468,2022,2022-05-24,2303,2022-03-11,0858,4C7,2303,5,5,3,2303,0,0,0,,0,001,"NORTH STATE ST","FORD ST",263.00,S,N,A,-,N,,,,,,,,,,Y,3,0,1,2,A,-,01,23152,B,N,C,C,A,A,H,-,A,D,0,,,,,Y,Y,A,01,0,1,0,0,0,0,0,0,0,"- ","- ",,,MENDOCINO,UKIAH,-123.20835113525391,39.155960083007812
94415491,2024,2024-10-01,9126,2024-07-21,2026,023800,,7,2,9,2300,0,2,4,,2,005,SR-162,"FAIRBANKS LANE",521.00,E,N,A,-,Y,MEN,,162," "," ",26.846,H,,R,Y,2,0,1,1,A,-,08,22107,,F,E,8,A,A,H,-,D,D,0,,,,,Y,,A,01,1,0,0,0,0,0,0,0,0,"- ","- ",39.759731292724609,-123.24826049804688,MENDOCINO,UNINCORPORATED,-123.24830627441406,39.759731292724609
94416103,2024,2024-10-02,9150,2024-09-21,"811 ",023985,,6,1,9,2300,0,1,2,,2,021,"US 101 N/B FROM EAST PERKINS STREET E/B","EAST PERKINS STREET",60.00,S,N,A,-,Y,,,,,,,,,,N,4,0,1,2,A,-,03,22350,,N,C,C,A,A,H,-,A,D,0,,,,,Y,,A,01,0,0,1,0,0,0,0,0,0,"- ","- ",39.151481628417969,-123.19583892822266,MENDOCINO,UNINCORPORATED,-123.19671630859375,39.151508331298828
94416230,2024,2024-10-02,9150,2024-09-16,1925,023122,,1,2,9,2300,0,1,2,,1,010,US-101,"COMMINSKY STATION ROAD",774.00,N,N,A,-,Y,MEN,,101," "," ",3.268,H,,R,Y,2,0,1,1,A,-,01,23152,A,N,E,I,A,A,H,-,D,D,0,,,,,Y,Y,A,01,1,0,0,0,0,0,0,0,0,"- ","- ",38.890430450439453,-123.05319213867188,MENDOCINO,UNINCORPORATED,-123.05327606201172,38.890415191650391
94416854,2024,2024-10-02,9150,2024-09-18,1605,023977,,3,2,9,2300,0,1,3,,1,037,SR-20,"MPM 27",230.00,W,N,A,-,Y,MEN,,20," "," ",27.248,H,,R,Y,2,0,1,1,A,-,08,22107,,N,F,A,A,A,H,-,A,D,0,,,,,Y,,A,07,1,0,0,0,0,0,0,0,0,"- ","- ",39.390750885009766,-123.44570159912109,MENDOCINO,UNINCORPORATED,-123.44570159912109,39.390739440917969
94416901,2024,2024-10-02,9150,2024-09-19,1852,019107,,4,2,9,2300,0,3,5,,2,006,"FORT BRAGG-SHERWOOD RD","MARSBEN LN",119.20,W,N,A,-,N,,,,,,,,,,Y,3,0,2,1,A,-,08,22107,,N,E,8,A,A,H,-,B,D,0,,,,,Y,,A,01,0,2,0,0,0,0,0,0,0,"- ","- ",39.441898345947266,-123.77259063720703,MENDOCINO,UNINCORPORATED,-123.772638,39.441918999999999
94417005,2024,2024-10-02,9150,2024-09-29,"500 ",022150,,7,3,9,2300,0,3,5,,2,006,"COMPTCHE UKIAH RD",SR-1,2112.00,E,N,A,-,N,,,,,,,,,,Y,4,0,2,1,A,-,03,22350,,N,F,A,A,A,H,-,C,D,0,,,,,Y,,A,01,0,0,2,0,0,0,0,0,0,"- ","- ",39.298480987548828,-123.78656768798828,MENDOCINO,UNINCORPORATED,-123.78736114501953,39.298877716064453
94417072,2024,2024-10-02,9150,2024-09-23,"54  ",023713,,1,3,9,2300,0,1,2,,2,022,"US-101 NORTHBOUND","RIDGEWOOD RANCH ROAD",5280.00,S,N,A,-,Y,MEN,,101," ",R,38.535,H,,R,Y,4,0,1,1,A,-,03,22350,,N,E,H,A,A,H,-,D,D,0,,,Y,,Y,,C,02,0,0,1,0,0,0,0,0,1,"- ","- ",39.310359954833984,-123.29879760742188,MENDOCINO,UNINCORPORATED,-123.29878234863281,39.310352325439453
94417441,2024,2024-10-03,9150,2024-09-23,1430,019107,,1,2,9,2300,0,1,3,,1,052,SR-1,"ELK CREEK",730.00,N,N,A,-,Y,MEN,,1," "," ",31.512,H,,R,N,3,0,1,1,B,-,22,,,N,F,A,A,A,H,-,A,D,0,,Y,,,Y,,L,04,0,1,0,0,0,0,1,0,0,"- ","- ",39.104160308837891,-123.70118713378906,MENDOCINO,UNINCORPORATED,-123.70123291015625,39.104160308837891
94419923,2024,2024-10-04,9126,2024-09-25,1240,020886,,3,1,9,2300,0,1,3,,2,050,SR-162,"DOS RIOS RD",23760.00,E,N,A,-,Y,MEN,,162," "," ",19.860,H,,R,Y,4,0,1,1,A,-,08,22107,,N,E,I,A,A,H,-,A,D,0,,,,,Y,,A,01,0,0,1,0,0,0,0,0,0,"- ","- ",39.717449188232422,-123.2960205078125,MENDOCINO,UNINCORPORATED,-123.29600524902344,39.717399597167969
94420193,2024,2024-10-04,9150,2024-09-16,1800,023897,,1,2,9,2300,0,3,5,,2,002,"PHILO GREENWOOD RD",SR-128,1003.00,S,N,A,-,N,,,,,,,,,,Y,2,0,1,1,A,-,08,22107,,N,F,A,A,A,H,-,A,D,0,,,,,Y,,-,"- ",1,0,0,0,0,0,0,0,0,"- ","- ",39.087860107421875,-123.47978973388672,MENDOCINO,UNINCORPORATED,-123.47972106933594,39.087966918945312
94421076,2024,2024-10-07,9150,2024-09-22,1215,022150,,7,1,9,2300,0,1,3,,1,051,SR-1,"OLD STAGE RD",519.00,S,N,A,-,Y,MEN,,1," "," ",0.487,H,,R,Y,3,0,1,2,A,-,03,22350,,N,C,C,A,A,H,-,A,D,0,,,Y,,Y,,A,08,0,1,0,0,0,0,0,0,1,"- ","- ",38.764369964599609,-123.52570343017578,MENDOCINO,UNINCORPORATED,-123.52568817138672,38.764377593994141
94423476,2024,2024-10-08,9150,2024-09-21,1434,023122,,6,2,9,2300,0,1,3,,1,037,SR-20,"RD 900",580.00,E,N,A,-,Y,MEN,,20," "," ",20.062,H,,R,Y,4,0,1,1,A,-,01,23152,A,N,E,I,A,A,H,-,A,D,0,,,,,Y,Y,D,22,0,0,1,0,0,0,0,0,0,"- ","- ",39.348918914794922,-123.511962890625,MENDOCINO,UNINCORPORATED,-123.51183319091797,39.348873138427734