CASE_ID,ACCIDENT_YEAR,PROC_DATE,JURIS,COLLISION_DATE,COLLISION_TIME,OFFICER_ID,REPORTING_DISTRICT,DAY_OF_WEEK,CHP_SHIFT,POPULATION,CNTY_CITY_LOC,SPECIAL_COND,BEAT_TYPE,CHP_BEAT_TYPE,CITY_DIVISION_LAPD,CHP_BEAT_CLASS,BEAT_NUMBER,PRIMARY_RD,SECONDARY_RD,DISTANCE,DIRECTION,INTERSECTION,WEATHER_1,WEATHER_2,STATE_HWY_IND,CALTRANS_COUNTY,CALTRANS_DISTRICT,STATE_ROUTE,ROUTE_SUFFIX,POSTMILE_PREFIX,POSTMILE,LOCATION_TYPE,RAMP_INTERSECTION,SIDE_OF_HWY,TOW_AWAY,COLLISION_SEVERITY,NUMBER_KILLED,NUMBER_INJURED,PARTY_COUNT,PRIMARY_COLL_FACTOR,PCF_CODE_OF_VIOL,PCF_VIOL_CATEGORY,PCF_VIOLATION,PCF_VIOL_SUBSECTION,HIT_AND_RUN,TYPE_OF_COLLISION,MVIW,PED_ACTION,ROAD_SURFACE,ROAD_COND_1,ROAD_COND_2,LIGHTING,CONTROL_DEVICE,CHP_ROAD_TYPE,PEDESTRIAN_ACCIDENT,BICYCLE_ACCIDENT,MOTORCYCLE_ACCIDENT,TRUCK_ACCIDENT,NOT_PRIVATE_PROPERTY,ALCOHOL_INVOLVED,STWD_VEHTYPE_AT_FAULT,CHP_VEHTYPE_AT_FAULT,COUNT_SEVERE_INJ,COUNT_VISIBLE_INJ,COUNT_COMPLAINT_PAIN,COUNT_PED_KILLED,COUNT_PED_INJURED,COUNT_BICYCLIST_KILLED,COUNT_BICYCLIST_INJURED,COUNT_MC_KILLED,COUNT_MC_INJURED,PRIMARY_RAMP,SECONDARY_RAMP,LATITUDE,LONGITUDE,COUNTY,CITY,POINT_X,POINT_Y
94498076,2024,2024-12-13,9150,2024-11-20,1405,016680,,3,2,9,2300,0,1,2,,2,022,"US 101","MOORE ST",142.00,S,N,B,C,N,,,,,,,,,,Y,3,0,1,1,A,-,03,22350,,N,E,I,A,B,H,-,A,D,0,,,,,Y,,A,01,0,1,0,0,0,0,0,0,0,"- ","- ",39.233798980712891,-123.20848846435547,MENDOCINO,UNINCORPORATED,-123.20814514160156,39.233901977539062
94499067,2024,2024-12-13,9126,2024-07-14,2255,023906,,7,3,9,2300,0,3,5,,2,555,"VALLEY ROAD","HEARST WILLITS ROAD",2640.00,W,N,A,-,N,,,,,,,,,,Y,1,1,0,2,A,-,01,23152,A,N,B,2,A,A,H,-,D,D,0,,,,,Y,Y,D,22,0,0,0,0,0,0,0,0,0,"- ","- ",39.413131713867188,-123.32008361816406,MENDOCINO,UNINCORPORATED,-123.32668304443359,39.413360595703125
94500558,2024,2025-05-28,9150,2024-12-03,1425,023973,,2,2,9,2300,0,2,4,,2,014,"TALMAGE RD","RUDDICK CUNNINGHAM RD",427.00,W,N,A,-,Y,MEN,,222," "," ",1.167,H,,R,Y,4,0,1,2,A,-,09,21801,A,N,D,C,A,A,H,-,A,D,0,,,,,Y,,A,01,0,0,1,0,0,0,0,0,0,"- ","- ",39.133831024169922,-123.18443298339844,MENDOCINO,UNINCORPORATED,-123.1844482421875,39.133792877197266
94501912,2024,2024-12-13,9150,2024-11-27,"20  ",019107,,3,3,9,2300,0,3,5,,2,006,"SIMPSON LN","ELLISON WAY",60.00,W,N,E,-,N,,,,,,,,,,Y,2,0,2,1,A,-,08,22107,,N,E,I,A,B,H,-,D,D,0,,,,,Y,,A,01,1,1,0,0,0,0,0,0,0,"- ","- ",39.40679931640625,-123.79190063476562,MENDOCINO,UNINCORPORATED,-123.79177093505859,39.406730651855469
94502117,2024,2024-12-13,9126,2024-11-27,1610,023800,,3,2,9,2300,0,2,4,,2,005,"HOPPER LANE","LEDGER LANE",164.00,W,N,A,-,N,,,,,,,,,,N,3,0,1,2,A,-,09,21804,A,N,D,C,A,A,H,-,A,D,0,,,,,Y,,A,08,0,1,0,0,0,0,0,0,0,"- ","- ",39.824329376220703,-123.25346374511719,MENDOCINO,UNINCORPORATED,-123.25342559814453,39.824333190917969
94502376,2024,2024-12-13,9150,2024-12-04,1605,023973,,3,2,9,2300,0,2,4,,1,023,"NORTH STATE ST","COYOTE VALLEY BLVD",2640.00,S,N,A,-,N,,,,,,,,,,Y,3,0,2,2,A,-,09,21801,A,N,D,C,A,A,H,-,A,D,0,,,,,Y,,A,07,0,2,0,0,0,0,0,0,0,"- ","- ",39.249401092529297,-123.21012115478516,MENDOCINO,UNINCORPORATED,-123.20992279052734,39.249042510986328
94502450,2024,2024-12-13,9126,2024-09-04,2025,023987,,3,2,9,2300,0,1,2,,1,077,US-101,"SHAMROCK LANE",528.00,N,N,A,-,Y,MEN,,101," ",T,65.962,H,,R,Y,1,1,0,2,A,-,01,23152,A,N,E,J,A,A,H,-,D,D,0,,,,,Y,Y,D,22,0,0,0,0,0,0,0,0,0,"- ","- ",39.640178680419922,-123.47115325927734,MENDOCINO,UNINCORPORATED,-123.47117614746094,39.640167236328125
94506160,2024,2024-12-17,9126,2024-12-07,2000,023915,,6,2,9,2300,0,1,2,,1,077,US-101,"RYAN CREEK ROAD",3200.00,N,N,B,C,Y,MEN,,101," "," ",53.061,H,,R,Y,3,0,2,1,A,-,08,22107,,N,E,I,A,A,H,-,D,D,0,,,,,Y,,A,01,0,2,0,0,0,0,0,0,0,"- ","- ",39.491939544677734,-123.36344146728516,MENDOCINO,UNINCORPORATED,-123.36347198486328,39.491931915283203
94506553,2024,2024-12-17,9150,2024-12-01,2302,023897,,7,3,9,2300,0,1,2,,2,022,US-101,"MPM 42",76.00,N,N,A,-,Y,MEN,,101," "," ",41.887,H,,R,Y,3,0,1,1,A,-,08,22107,,N,E,J,A,A,H,-,D,D,0,,,,,Y,,-,"- ",0,1,0,0,0,0,0,0,0,"- ","- ",39.352260589599609,-123.32164001464844,MENDOCINO,UNINCORPORATED,-123.32164001464844,39.352260589599609
94506880,2024,2024-12-17,9150,2024-12-11,1623,020522,,3,2,9,2300,0,3,5,,2,006,SR-1,"BRUHEL POINT RD",5280.00,S,N,A,-,Y,MEN,,1," "," ",73.497,H,,R,Y,2,0,1,1,A,-,08,22107,,N,F,A,A,A,H,-,A,D,0,,,,Y,Y,,F,27,1,0,0,0,0,0,0,0,0,"- ","- ",39.591609954833984,-123.77938842773438,MENDOCINO,UNINCORPORATED,-123.77937316894531,39.591621398925781
94506967,2024,2024-12-17,9150,2024-12-13,1605,018977,,5,2,9,2300,0,1,2,,1,010,US-101,"GEYSERS RD",800.00,S,N,C,-,Y,MEN,,101," ",R,0.487,H,,R,N,3,0,1,1,A,-,08,22107,,N,E,I,A,B,H,-,A,D,0,,,,,Y,,A,01,0,1,0,0,0,0,0,0,0,"- ","- ",38.855690002441406,-123.03623962402344,MENDOCINO,UNINCORPORATED,-123.03632354736328,38.855640411376953
94509283,2024,2024-12-18,9150,2024-12-06,1650,023964,,5,2,9,2300,0,1,S,,2,904,SR-175,"MPM MEN 04.5",1.00,E,N,A,-,Y,MEN,,175," "," ",4.521,H,,R,Y,2,0,2,2,A,-,01,23152,A,N,F,C,A,A,H,-,D,D,0,,,,,Y,Y,D,22,1,1,0,0,0,0,0,0,0,"- ","- ",38.97454833984375,-123.04255676269531,MENDOCINO,UNINCORPORATED,-123.04258728027344,38.974521636962891
94516193,2024,2024-12-26,9150,2024-12-09,"154 ",023713,,1,3,9,2300,0,2,4,,1,023,"NORTH STATE STREET","CENTRAL AVE",650.00,N,N,A,-,N,,,,,,,,,,Y,3,0,3,1,A,-,03,22350,,F,F,8,A,A,H,-,D,D,0,,,,,Y,,A,01,0,2,1,0,0,0,0,0,0,"- ","- ",39.227058410644531,-123.20342254638672,MENDOCINO,UNINCORPORATED,-123.20340728759766,39.227016448974609
94516202,2024,2024-12-26,9150,2024-12-16,1746,023122,,1,2,9,2300,0,2,4,,2,014,"SOUTH STATE STREET","BEACON LN",251.00,S,N,B,-,N,,,,,,,,,,N,4,0,1,2,A,-,10,21950,A,N,G,B,B,B,H,-,D,D,0,Y,,,,Y,,A,07,0,0,1,0,1,0,0,0,0,"- ","- ",39.128288269042969,-123.20436859130859,MENDOCINO,UNINCORPORATED,-123.20440673828125,39.128311157226562
94521686,2024,2024-12-31,9150,2024-12-23,1835,018977,,1,2,9,2300,0,1,3,,2,041,SR-253,SR-128,15.00,S,N,C,-,Y,MEN,,253," "," ",0.000,H,,R,Y,3,0,1,1,A,-,03,22350,,M,E,I,A,B,H,-,D,A,0,,,,,Y,,A,01,0,1,0,0,0,0,0,0,0,"- ","- ",38.999118804931641,-123.35848999023438,MENDOCINO,UNINCORPORATED,-123.35840606689453,38.999149322509766
94521900,2024,2024-12-31,9150,2024-12-14,1700,023308,,6,2,9,2300,0,2,4,,1,023,"NORTH STATE ST","US 101 N/B OFF RAMP",50.00,S,N,C,-,N,,,,,,,,,,N,4,0,1,2,A,-,09,21804,B,N,B,C,A,B,H,-,B,D,0,,,,,Y,,A,01,0,0,1,0,0,0,0,0,0,"- ","- ",39.172088623046875,-123.21153259277344,MENDOCINO,UNINCORPORATED,,
94523179,2024,2025-01-02,9126,2024-11-22,"330 ",023800,,5,3,9,2300,0,2,4,,2,005,"MENDOCINO PASS ROAD","LOGAN LANE",11616.00,W,N,C,-,N,,,,,,,,,,Y,3,0,1,1,A,-,01,23152,A,N,E,8,A,B,H,-,D,D,0,,,,,Y,Y,D,22,0,1,0,0,0,0,0,0,0,"- ","- ",39.81671142578125,-123.21965789794922,MENDOCINO,UNINCORPORATED,-123.24810791015625,39.817031860351562
94523204,2024,2025-01-02,9126,2024-12-13,1840,023915,,5,2,9,2300,0,1,2,,1,077,"US 101","DAVIDSON LANE",620.00,S,N,C,-,Y,MEN,,101," "," ",66.677,H,,R,Y,3,0,1,1,A,-,03,22350,,N,E,I,A,B,H,-,D,D,0,,,,,Y,,A,01,0,1,0,0,0,0,0,0,0,"- ","- ",39.649459838867188,-123.47634887695312,MENDOCINO,UNINCORPORATED,-123.47637939453125,39.649459838867188
9452414,2022,2022-06-14,2304,2022-05-02,1725,3545,,1,5,2,2304,0,0,0,,0,,"SOUTH MAIN ST","MAIN ST 1300",0.00,,N,A,-,N,,,,,,,,,,N,3,0,1,2,A,-,08,22107,,N,B,C,A,A,H,-,A,D,0,,,,,Y,,A,01,0,1,0,0,0,0,0,0,0,"- ","- ",,,MENDOCINO,WILLITS,-123.34923553466797,39.395584106445312
9452415,2022,2022-06-14,2304,2022-05-06,1527,3545,,5,5,2,2304,0,0,0,,0,,"SOUTH MAIN ST","MAIN ST 1431",0.00,,N,A,-,N,,,,,,,,,,N,4,0,1,2,A,-,09,21804,A,N,D,C,A,A,H,-,A,D,0,,,,,Y,,A,01,0,0,1,0,0,0,0,0,0,"- ","- ",,,MENDOCINO,WILLITS,-123.34923553466797,39.395584106445312
94524645,2024,2025-01-03,9126,2024-12-19,1615,023906,,4,2,9,2300,0,3,5,,2,007,"CLOVER ROAD","BIRCH STREET",480.00,W,N,B,-,N,,,,,,,,,,N,3,0,1,1,A,-,03,22350,,N,F,A,A,A,H,-,D,D,0,,,Y,,Y,,C,02,0,1,0,0,0,0,0,0,1,"- ","- ",39.436130523681641,-123.38590240478516,MENDOCINO,UNINCORPORATED,-123.38573455810547,39.436180114746094
94528097,2025,2025-01-07,9150,2025-01-03,1517,023308,,5,2,9,2300,0,3,5,,2,003,"EASTSIDE CALPELLA RD","HARDWICK RD",120.00,N,N,B,C,N,,,,,,,,,,N,4,0,1,2,A,-,09,21804,A,N,D,C,A,B,H,-,A,D,0,,,,,Y,,A,01,0,0,1,0,0,0,0,0,0,"- ","- ",39.201950073242188,-123.19348907470703,MENDOCINO,UNINCORPORATED,-123.19345855712891,39.201801300048828
94529764,2024,2025-01-08,9150,2024-11-28,2150,019107,,4,2,9,2300,0,1,3,,1,062,SR-1,"CASPAR CREEK",59.40,S,N,A,-,Y,MEN,,1," ",R,54.695,H,,R,Y,1,1,2,2,A,-,01,23152,A,N,E,8,A,B,H,-,D,D,0,,,,,Y,Y,A,01,1,1,0,0,0,0,0,0,0,"- ","- ",39.358001708984375,-123.80847930908203,MENDOCINO,UNINCORPORATED,-123.80855560302734,39.358001708984375
9453041,2022,2022-06-14,2301,2022-04-06,0333,60,2301,3,5,2,2301,0,0,0,,0,001,"FRANKLIN ST","CHESTNUT ST",172.00,S,N,A,-,N,,,,,,,,,,Y,4,0,1,1,A,-,01,23152,A,N,A,I,A,A,H,-,C,D,0,,,,,Y,Y,D,22,0,0,1,0,0,0,0,0,0,"- ","- ",,,MENDOCINO,"FORT BRAGG",-123.80461883544922,39.435897827148438
94531641,2024,2025-01-09,9126,2024-12-13,1630,023800,,5,2,9,2300,0,1,2,,2,055,US-101,"SPYROCK ROAD",0.00,,Y,C,-,Y,MEN,,101," "," ",78.398,H,,R,Y,3,0,5,2,A,-,03,22350,,N,E,8,A,B,H,-,A,D,0,,,,,Y,,A,07,0,4,1,0,0,0,0,0,0,"- ","- ",39.797771453857422,-123.54225158691406,MENDOCINO,UNINCORPORATED,-123.54231262207031,39.797760009765625
94536778,2025,2025-01-14,9150,2025-01-06,1455,023122,,1,2,9,2300,0,3,5,,2,002,SR-1,"POINT CABRILLO ROAD",0.00,,Y,A,-,Y,MEN,,1," ",R,54.657,H,,R,Y,4,0,1,2,A,-,09,21804,A,N,D,C,A,A,H,-,A,A,0,,,,,Y,,A,01,0,0,1,0,0,0,0,0,0,"- ","- ",39.357479095458984,-123.80859375,MENDOCINO,UNINCORPORATED,-123.80857086181641,39.357479095458984
9453848,2022,2022-07-13,2303,2022-05-23,1744,4B109,2303,1,5,3,2303,0,0,0,,0,002,"TALMAGE RD","SOUTH STATE ST",120.00,E,N,A,-,N,,,,,,,,,,N,4,0,1,2,A,-,03,22350,,N,C,C,A,A,H,-,A,D,0,,,,,Y,,A,01,0,0,1,0,0,0,0,0,0,"- ","- ",,,MENDOCINO,UKIAH,-123.20492553710938,39.136318206787109
9453849,2022,2022-07-13,2303,2022-05-26,1541,4C7,2303,4,5,3,2303,0,0,0,,0,002,"SOUTH OAK ST","W STEPHENSON ST",0.00,,Y,A,-,N,,,,,,,,,,N,4,0,1,2,A,-,09,21804,A,N,D,G,A,A,H,-,A,A,0,,Y,,,Y,,L,04,0,0,1,0,0,0,1,0,0,"- ","- ",,,MENDOCINO,UKIAH,-123.209228515625,39.148406982421875
9453907,2022,2022-07-15,2303,2022-06-15,1256,467,2303,3,5,3,2303,0,0,0,,0,002,"EAST GOBBI ST","BABCOCK LN",0.00,,Y,A,-,N,,,,,,,,,,N,3,0,1,2,A,-,05,21650,,N,D,G,A,A,H,-,A,A,0,,Y,,,Y,,L,04,0,1,0,0,0,0,1,0,0,"- ","- ",,,MENDOCINO,UKIAH,-123.19214630126953,39.145309448242188
94543137,2025,2025-02-25,9150,2025-01-18,1124,021804,,6,1,9,2300,0,1,3,,2,041,SR-128,"FISH ROCK RD",2534.00,E,N,A,-,Y,MEN,,128," "," ",37.058,H,,R,Y,3,0,2,2,A,-,06,21750,A,N,A,C,A,A,H,-,A,D,0,,,,,Y,,D,22,0,2,0,0,0,0,0,0,0,"- ","- ",38.916530609130859,-123.2864990234375,MENDOCINO,UNINCORPORATED,-123.28650665283203,38.916549682617188
94552795,2025,2025-01-28,9150,2025-01-17,1640,023973,,5,2,9,2300,0,1,3,,1,013,"SR-175 E/B","HOOPER RANCH RD",2640.00,E,N,A,-,Y,MEN,,175," "," ",6.101,H,,R,Y,2,0,1,1,A,-,08,22107,,N,E,8,A,A,H,-,A,D,0,,,,,Y,,A,07,1,0,0,0,0,0,0,0,0,"- ","- ",38.970348358154297,-123.02436065673828,MENDOCINO,UNINCORPORATED,-123.02436828613281,38.970371246337891
94553359,2025,2025-01-28,9150,2025-01-20,2145,023109,,1,2,9,2300,0,3,5,,2,005,"OLD STAGE RD","PACIFIC WOODS ROAD",205.00,N,N,A,-,N,,,,,,,,,,Y,3,0,1,2,A,-,01,23152,A,N,A,C,A,A,H,-,D,D,0,,,,,Y,Y,A,07,0,1,0,0,0,0,0,0,0,"- ","- ",38.789051055908203,-123.52316284179688,MENDOCINO,UNINCORPORATED,-123.52315521240234,38.789176940917969
94554856,2025,2025-01-29,9150,2025-01-23,1748,019107,,4,2,9,2300,0,2,4,,2,014,"OLD RIVER ROAD","RUDDICK CUNNINGHAM RD",167.00,N,N,A,-,N,,,,,,,,,,Y,2,0,1,1,A,-,01,23152,A,N,F,A,A,A,H,-,C,D,0,,,Y,,Y,Y,C,02,1,0,0,0,0,0,0,0,1,"- ","- ",39.113510131835938,-123.15798950195312,MENDOCINO,UNINCORPORATED,-123.16104888916016,39.104198455810547
94555639,2025,2025-01-30,9150,2025-01-24,1450,023985,,5,2,9,2300,0,3,5,,2,006,"BRANSCOMB RD",SR-1,18480.00,E,N,A,-,N,,,,,,,,,,Y,3,0,1,1,A,-,08,22107,,N,E,I,A,A,H,-,A,D,0,,,,,Y,,A,01,0,1,0,0,0,0,0,0,0,"- ","- ",39.648960113525391,-123.72705841064453,MENDOCINO,UNINCORPORATED,-123.73262786865234,39.652236938476562
94557024,2025,2025-01-31,9150,2025-01-19,"29  ",023713,,7,3,9,2300,0,3,5,,2,003,"CENTER VALLEY ROAD","SAWYERS LN",1050.00,E,N,A,-,N,,,,,,,,,,Y,4,0,1,1,A,-,08,22107,,M,E,8,A,A,H,-,D,D,0,,,,,Y,Y,A,01,0,0,1,0,0,0,0,0,0,"- ","- ",39.405910491943359,-123.32289123535156,MENDOCINO,UNINCORPORATED,-123.32292175292969,39.405876159667969
94557173,2025,2025-01-31,9150,2025-01-23,1150,023973,,4,1,9,2300,0,1,3,,1,065,"STATE HIGHWAY 20","WALTERS LANE",478.00,W,N,A,-,Y,MEN,,20," "," ",3.187,H,,R,Y,3,0,1,1,A,-,08,22107,,N,E,8,A,A,H,-,A,D,0,,,,,Y,,A,01,0,1,0,0,0,0,0,0,0,"- ","- ",39.411949157714844,-123.75076293945312,MENDOCINO,UNINCORPORATED,-123.75078582763672,39.411903381347656
94564734,2025,2025-02-04,9126,2025-01-23,"700 ",023855,,4,1,9,2300,0,1,2,,1,077,"US 101 S/B","MPM 101 MEN 59.41",5.00,S,N,A,-,Y,MEN,,101," "," ",59.412,H,,L,Y,2,0,1,1,A,-,03,22350,,N,E,I,A,C,H,-,A,D,0,,,,,Y,,D,22,1,0,0,0,0,0,0,0,0,"- ","- ",39.556331634521484,-123.43154907226562,MENDOCINO,UNINCORPORATED,-123.43154144287109,39.55633544921875
94564822,2025,2025-02-04,9150,2025-01-25,1343,020886,,6,1,9,2300,0,1,2,,1,031,US-101,"BLACK BART DR",6336.00,N,N,A,-,Y,MEN,,101," "," ",42.017,H,,R,Y,3,0,1,1,A,-,08,22107,,N,E,8,A,A,H,-,A,D,0,,,,,Y,,A,01,0,1,0,0,0,0,0,0,0,"- ","- ",39.3538818359375,-123.32048034667969,MENDOCINO,UNINCORPORATED,-123.32057189941406,39.353912353515625
94565274,2025,2025-02-04,9150,2025-01-28,1310,023973,,2,1,9,2300,0,2,4,,1,023,"N LOVERS LN","KUKI LN",46.00,N,N,A,-,N,,,,,,,,,,N,4,0,1,2,A,-,09,21801,A,N,D,C,A,A,H,-,A,A,0,,,,,Y,,A,01,0,0,1,0,0,0,0,0,0,"- ","- ",39.169380187988281,-123.2117919921875,MENDOCINO,UNINCORPORATED,-123.21175384521484,39.169345855712891
94565314,2025,2025-02-04,9150,2025-01-28,2000,023973,,2,2,9,2300,0,2,4,,1,023,"BABCOCK LN","GOBBI ST",1584.00,S,N,A,-,N,,,,,,,,,,Y,4,0,2,2,A,-,03,22350,,N,C,C,A,A,H,-,D,D,0,,,,,Y,,A,07,0,0,2,0,0,0,0,0,0,"- ","- ",39.141040802001953,-123.19097900390625,MENDOCINO,UNINCORPORATED,-123.19096374511719,39.141162872314453
94565321,2025,2025-02-04,9150,2025-01-29,1645,023540,,3,2,9,2300,0,3,5,,2,002,"SR-20 WEST","GRAVEL PIT RD",457.00,W,N,A,-,Y,MEN,,20," "," ",2.178,H,,R,Y,3,0,2,2,A,-,05,21460,,N,A,C,A,A,H,-,A,D,0,,,,,Y,,D,22,0,1,1,0,0,0,0,0,0,"- ","- ",39.414859771728516,-123.76914978027344,MENDOCINO,UNINCORPORATED,-123.76914215087891,39.414875030517578
9457182,2022,2022-07-12,2303,2022-05-27,1454,4C7,2303,5,5,3,2303,0,0,0,,0,002,"AIRPORT PARK BL","TALMAGE RD",405.00,S,N,A,-,N,,,,,,,,,,Y,4,0,1,1,A,-,03,22350,,N,E,I,A,A,H,-,A,D,0,,,,,Y,,D,22,0,0,1,0,0,0,0,0,0,"- ","- ",,,MENDOCINO,UKIAH,-123.19868469238281,39.134834289550781
94575259,2025,2025-02-12,9150,2025-02-05,1805,018977,,3,2,9,2300,0,1,3,,1,013,SR-175,"BUCKMAN DR",21120.00,E,N,B,-,Y,MEN,,175," "," ",8.151,H,,R,N,3,0,1,3,A,-,05,21460,A,N,A,C,A,B,H,-,D,D,0,,,Y,,Y,,A,01,0,1,0,0,0,0,0,0,0,"- ","- ",38.979629516601562,-123.00894927978516,MENDOCINO,UNINCORPORATED,-123.00894927978516,38.979629516601562
94578324,2025,2025-02-13,9126,2025-02-04,1428,023906,,2,2,9,2300,0,1,2,,1,077,"US-101 S/B","MILE POST MARKER 101 MEN 56.33",50.00,S,N,C,-,Y,MEN,,101," "," ",56.298,H,,L,Y,3,0,1,1,A,-,03,22350,,N,E,I,A,B,H,-,A,D,0,,,,,Y,,A,01,0,1,0,0,0,0,0,0,0,"- ","- ",39.525871276855469,-123.40003204345703,MENDOCINO,UNINCORPORATED,-123.40019226074219,39.525787353515625
94578548,2024,2025-02-13,9150,2024-12-18,2140,023985,,3,2,9,2300,0,1,3,,2,061,SR-128,"FLYNN CREEK RD",19536.00,W,N,E,-,Y,MEN,,128," "," ",7.827,H,,R,Y,1,1,0,1,A,-,08,22107,,N,E,I,A,B,H,-,D,D,0,,,,,Y,,A,01,0,0,0,0,0,0,0,0,0,"- ","- ",39.157989501953125,-123.63755035400391,MENDOCINO,UNINCORPORATED,-123.63762664794922,39.157993316650391
94579781,2025,2025-02-14,9150,2025-02-05,"750 ",016075,,3,1,9,2300,0,1,3,,1,037,"US-101 S/B","MOBILE VILLAGE WAY",1056.00,S,N,B,C,Y,MEN,,101," ",R,39.064,H,,L,N,4,0,1,1,A,-,03,22350,,N,E,I,A,B,H,-,A,D,0,,,,,Y,,A,07,0,0,1,0,0,0,0,0,0,"- ","- ",39.3165283203125,-123.30094146728516,MENDOCINO,UNINCORPORATED,-123.30097961425781,39.316505432128906
94579790,2025,2025-02-14,9150,2025-02-04,"710 ",024347,,2,1,9,2300,0,2,4,,1,023,"N. STATE ST","CAROUSEL LN",415.00,S,N,B,C,N,,,,,,,,,,Y,4,0,1,1,A,-,08,22107,,N,E,I,A,B,H,-,A,D,0,,,,,Y,,D,22,0,0,1,0,0,0,0,0,0,"- ","- ",39.199951171875,-123.20391082763672,MENDOCINO,UNINCORPORATED,-123.20394134521484,39.200092315673828
94580381,2025,2025-02-14,9150,2025-02-09,1614,023540,,7,2,9,2300,0,1,3,,1,037,"SR-20 WEST","IRMULCO ROAD",7339.00,W,N,A,-,Y,MEN,,20," "," ",24.475,H,,R,Y,4,0,2,2,A,-,08,22107,,N,A,C,A,A,H,-,E,D,0,,,,,Y,,D,22,0,0,2,0,0,0,0,0,0,"- ","- ",39.382980346679688,-123.47747802734375,MENDOCINO,UNINCORPORATED,-123.47748565673828,39.382946014404297
94580387,2025,2025-02-14,9150,2025-02-06,1810,018977,,4,2,9,2300,0,1,3,,1,013,SR-175,"PRATT RANCH RD",615.00,W,N,C,-,Y,MEN,,175," "," ",3.070,H,,R,N,4,0,1,1,A,-,03,22350,,M,E,I,A,B,B,-,D,D,0,,,,,Y,,A,01,0,0,1,0,0,0,0,0,0,"- ","- ",38.979080200195312,-123.06693267822266,MENDOCINO,UNINCORPORATED,-123.06693267822266,38.979042053222656
94580393,2025,2025-02-14,9150,2025-02-08,1642,023308,,6,2,9,2300,0,1,3,,1,024,SR-20,"N STATE STREET OVERCROSSING",20.00,E,N,A,-,Y,MEN,,20," "," ",33.299,H,,R,N,4,0,2,2,A,-,03,22350,,N,C,C,A,A,H,-,A,D,0,,,,,Y,,A,01,0,0,2,0,0,0,0,0,0,"- ","- ",39.240619659423828,-123.20623016357422,MENDOCINO,UNINCORPORATED,-123.2061767578125,39.240558624267578
94585078,2024,2025-02-20,9150,2024-12-19,1917,023961,,4,2,9,2300,0,2,4,,2,014,"TALMAGE RD","RUDDICK CUNNINGHAM RD",930.00,E,N,A,-,Y,MEN,,222," "," ",1.111,H,,R,Y,1,1,0,2,A,-,03,22350,,M,D,C,A,A,H,-,D,D,0,,,,,Y,,A,01,0,0,0,0,0,0,0,0,0,"- ","- ",39.134059906005859,-123.18538665771484,MENDOCINO,UNINCORPORATED,-123.18537139892578,39.13409423828125
94589476,2025,2025-02-25,9150,2025-02-21,1715,023122,,5,2,9,2300,0,2,4,,1,023,"NORTH STATE STREET","WEST ROAD",0.00,,Y,A,-,N,,,,,,,,,,N,4,0,1,2,A,-,21,22106,,N,C,C,A,A,H,-,A,D,0,,,,,Y,,D,22,0,0,1,0,0,0,0,0,0,"- ","- ",39.263008117675781,-123.2213134765625,MENDOCINO,UNINCORPORATED,-123.22135925292969,39.263038635253906
94590390,2025,2025-02-26,9150,2025-02-22,1651,023109,,6,2,9,2300,0,1,2,,1,012,US-101,"COUNTY ROAD 112 A",5808.00,N,N,B,C,Y,MEN,,101," "," ",13.090,H,,R,Y,3,0,1,1,A,-,08,22107,,N,E,I,A,B,H,-,A,D,0,,,,,Y,,A,01,0,1,0,0,0,0,0,0,0,"- ","- ",39.002010345458984,-123.11852264404297,MENDOCINO,UNINCORPORATED,-123.11859893798828,39.001987457275391
94590919,2025,2025-02-26,9126,2025-02-14,"403 ",023855,,5,3,9,2300,0,1,2,,1,077,"US 101","MPM 101 MEN 49.57",1.00,S,N,C,-,Y,MEN,,101," "," ",49.531,H,,R,Y,3,0,2,1,A,-,08,22107,,N,E,I,A,B,H,-,D,D,0,,,,,Y,,D,22,0,2,0,0,0,0,0,0,0,"- ","- ",39.446670532226562,-123.35059356689453,MENDOCINO,UNINCORPORATED,-123.3505859375,39.446670532226562
94591938,2025,2025-02-27,9150,2025-02-18,1540,023540,,2,2,9,2300,0,1,2,,2,021,US-101,"MOORE STREET",2200.00,S,N,A,-,Y,MEN,,101," "," ",30.023,H,,R,Y,4,0,1,2,A,-,08,22107,,M,B,C,A,A,H,-,A,D,0,,,,,Y,Y,-,99,0,0,1,0,0,0,0,0,0,"- ","- ",39.228229522705078,-123.20758056640625,MENDOCINO,UNINCORPORATED,-123.20761108398438,39.228229522705078
94591994,2025,2025-02-27,9150,2025-02-20,2340,023835,,4,3,9,2300,0,1,2,,1,012,US-101,"SOUTH STATE STREET",30.00,E,N,A,-,Y,MEN,,253," "," ",16.955,H,,R,N,3,0,1,1,A,-,08,22107,,N,A,I,A,A,H,-,C,D,0,,,,,Y,Y,A,01,0,1,0,0,0,0,0,0,0,"- ","- ",39.107288360595703,-123.19529724121094,MENDOCINO,UNINCORPORATED,-123.19551086425781,39.107231140136719